date,gross_return,transaction_cost,net_return,turnover,gross_exposure,equity_curve
2023-07-31,0.0,0.0,0.0,0.0,0.0,1.0
2023-08-01,0.0,0.0,0.0,0.0,0.0,1.0
2023-08-02,0.0,0.0,0.0,0.0,0.0,1.0
2023-08-03,0.0,0.0,0.0,0.0,0.0,1.0
2023-08-04,0.0,0.0,0.0,0.0,0.0,1.0
2023-08-07,0.0,0.0,0.0,0.0,0.0,1.0
2023-08-08,0.0,0.0,0.0,0.0,0.0,1.0
2023-08-09,0.0,0.0,0.0,0.0,0.0,1.0
2023-08-10,0.0,0.0,0.0,0.0,0.0,1.0
2023-08-11,0.0,0.0,0.0,0.0,0.0,1.0
2023-08-14,0.0,0.0,0.0,0.0,0.0,1.0
2023-08-15,0.0,0.0,0.0,0.0,0.0,1.0
2023-08-16,0.0,0.0,0.0,0.0,0.0,1.0
2023-08-17,0.0,0.0,0.0,0.0,0.0,1.0
2023-08-18,0.0,0.0,0.0,0.0,0.0,1.0
2023-08-21,0.0,0.0,0.0,0.0,0.0,1.0
2023-08-22,0.0,0.0,0.0,0.0,0.0,1.0
2023-08-23,0.0,0.0,0.0,0.0,0.0,1.0
2023-08-24,0.0,0.0,0.0,0.0,0.0,1.0
2023-08-25,0.0,0.0,0.0,0.0,0.0,1.0
2023-08-28,0.0,0.0,0.0,0.0,0.0,1.0
2023-08-29,0.0,0.0,0.0,0.0,0.0,1.0
2023-08-30,0.0,0.0,0.0,0.0,0.0,1.0
2023-08-31,0.0,0.0,0.0,0.0,0.0,1.0
2023-09-01,0.0,0.0,0.0,0.0,0.0,1.0
2023-09-04,0.0,0.0,0.0,0.0,0.0,1.0
2023-09-05,0.0,0.0,0.0,0.0,0.0,1.0
2023-09-06,0.0,0.0,0.0,0.0,0.0,1.0
2023-09-07,0.0,0.0,0.0,0.0,0.0,1.0
2023-09-08,0.0,0.0,0.0,0.0,0.0,1.0
2023-09-11,0.0,0.0,0.0,0.0,0.0,1.0
2023-09-12,0.0,0.0,0.0,0.0,0.0,1.0
2023-09-13,0.0,0.0,0.0,0.0,0.0,1.0
2023-09-14,0.0,0.0,0.0,0.0,0.0,1.0
2023-09-15,0.0,0.0,0.0,0.0,0.0,1.0
2023-09-18,0.0,0.0,0.0,0.0,0.0,1.0
2023-09-19,0.0,0.0,0.0,0.0,0.0,1.0
2023-09-20,0.0,0.0,0.0,0.0,0.0,1.0
2023-09-21,0.0,0.0,0.0,0.0,0.0,1.0
2023-09-22,0.0,0.0,0.0,0.0,0.0,1.0
2023-09-25,0.0,0.0,0.0,0.0,0.0,1.0
2023-09-26,0.0,0.0,0.0,0.0,0.0,1.0
2023-09-27,0.0,0.0,0.0,0.0,0.0,1.0
2023-09-28,0.0,0.0,0.0,0.0,0.0,1.0
2023-09-29,0.0,0.0,0.0,0.0,0.0,1.0
2023-10-02,0.0,0.0,0.0,0.0,0.0,1.0
2023-10-03,0.0,0.0,0.0,0.0,0.0,1.0
2023-10-04,0.0,0.0,0.0,0.0,0.0,1.0
2023-10-05,0.0,0.0,0.0,0.0,0.0,1.0
2023-10-06,0.0,0.0,0.0,0.0,0.0,1.0
2023-10-09,0.0,0.0,0.0,0.0,0.0,1.0
2023-10-10,0.0,0.0,0.0,0.0,0.0,1.0
2023-10-11,0.0,0.0,0.0,0.0,0.0,1.0
2023-10-12,0.0,0.0,0.0,0.0,0.0,1.0
2023-10-13,0.0,0.0,0.0,0.0,0.0,1.0
2023-10-16,0.0,0.0,0.0,0.0,0.0,1.0
2023-10-17,0.0,0.0,0.0,0.0,0.0,1.0
2023-10-18,0.0,0.0,0.0,0.0,0.0,1.0
2023-10-19,0.0,0.0,0.0,0.0,0.0,1.0
2023-10-20,0.0,0.0,0.0,0.0,0.0,1.0
2023-10-23,0.0,0.0,0.0,0.0,0.0,1.0
2023-10-24,0.0,0.0,0.0,0.0,0.0,1.0
2023-10-25,0.0,0.0,0.0,0.0,0.0,1.0
2023-10-26,0.0016479794825125602,0.0007249453763181914,0.0009230341061943688,1.0,1.0000000000000013,1.0009230341061943
2023-10-27,-0.004949805237834887,0.00017882715921723922,-0.005128632397052127,0.2666666666666667,1.0000000000000013,0.9957896678065217
2023-10-30,-0.00755004168108646,0.00022533092491392414,-0.0077753726060003844,0.30000000000000004,1.0000000000000013,0.9880470321021206
2023-10-31,0.0007542755314384002,0.0002883077441943133,0.00046596778724408694,0.4,1.0000000000000013,0.9885074301913623
2023-11-01,6.836507316180092e-05,0.00025123936478586156,-0.00018287429162406065,0.3666666666666667,1.0000000000000013,0.9883266575953009
2023-11-02,0.004201453272100599,0.00022084978303980163,0.003980603489060797,0.30000000000000004,1.0000000000000013,0.9922607941368566
2023-11-03,0.0018563069270777894,0.00027134223400367916,0.0015849646930741102,0.3666666666666667,1.0000000000000013,0.9938334924618852
2023-11-06,-0.0006282833429832952,0.0002752316702079025,-0.0009035150131911976,0.4,1.0000000000000013,0.9929355489808337
2023-11-07,0.0016924246957371566,0.00025171316265056937,0.0014407115330865871,0.3666666666666667,1.0000000000000013,0.994366082677862
2023-11-08,0.002930551579235562,0.0001680356892148669,0.002762515890020695,0.23333333333333334,1.0000000000000013,0.9971130347817572
2023-11-09,-0.0021028183394923017,0.00022259771421061794,-0.0023254160537029196,0.30000000000000004,1.0000000000000013,0.9947943321233192
2023-11-10,0.006882415573273051,0.0003200157470765072,0.0065623998261965435,0.43333333333333335,1.0000000000000013,1.0013225702755466
2023-11-13,0.0007097833045332463,0.00021845547214662192,0.0004913278323866244,0.2946236559139785,1.0000000000000004,1.0018145479235199
2023-11-14,0.004583887378177961,0.00022862552553787351,0.004355261852640088,0.32903225806451614,1.0000000000000013,1.006177712607511
2023-11-15,-0.0002256812570936294,0.00024795269904617366,-0.00047363395613980307,0.33333333333333337,1.0000000000000013,1.005701152676909
2023-11-16,0.0038755156782387537,0.00026325839377635115,0.0036122572844624026,0.3666666666666667,1.0000000000000013,1.0093340039916585
2023-11-17,-0.002129079098549107,0.00028534936773380473,-0.0024144284662829117,0.4,1.0000000000000013,1.0068970392404337
2023-11-20,-0.0001584041309626026,0.00022720446298358862,-0.00038560859394619123,0.3,1.0000000000000013,1.0065087710888836
2023-11-21,-0.0010874141509369976,0.00022049408871769086,-0.0013079082396546884,0.30000000000000004,1.0000000000000013,1.0051923499738917
2023-11-22,-0.001618005642715574,0.0001924912613055778,-0.0018104969040211518,0.30000000000000004,1.0000000000000013,1.0033724523363183
2023-11-23,0.006033247014415527,0.00016842518540512088,0.005864821829010406,0.23333333333333334,1.0000000000000013,1.009257052997408
2023-11-24,0.00024331732828505734,0.00018634956505019935,5.696776323485799e-05,0.2666666666666667,1.0000000000000013,1.0093145481142465
2023-11-27,0.007755400083458296,0.00020330244888662404,0.007552097634571672,0.30000000000000004,1.0000000000000013,1.016936990125599
2023-11-28,-0.0028800411022137885,0.00022109582672505808,-0.0031011369289388464,0.29354838709677417,1.0000000000000004,1.0137833292711165
2023-11-29,-0.000634018620375665,0.0002297613126120068,-0.0008637799329876718,0.32688172043010755,1.0000000000000013,1.0129076435748947
2023-11-30,0.002454843041116243,0.0001817615860764249,0.0022730814550398185,0.23333333333333334,1.0000000000000013,1.0152100651551728
2023-12-01,-0.0016098996007629968,0.00010500837281810207,-0.0017149079735810989,0.13333333333333333,1.0000000000000013,1.0134690733195784
2023-12-04,3.2781398865078725e-05,0.00019073085930666284,-0.0001579494604415841,0.2666666666666667,1.0000000000000013,1.0133089964262734
2023-12-05,0.0022263201570312517,0.0002249576172191576,0.002001362539812094,0.3,1.0000000000000013,1.0153369950929756
2023-12-06,-0.0003094198164625009,0.00020783635827488023,-0.0005172561747373811,0.2666666666666667,1.0000000000000013,1.0148118057628244
2023-12-07,0.003620914069583036,0.0002819920766610019,0.0033389219929220344,0.3666666666666667,1.0000000000000013,1.018200183219763
2023-12-08,0.0012968814754075288,0.00012878543929884935,0.0011680960361086794,0.16666666666666669,1.0000000000000013,1.019389538817747
2023-12-11,0.002130905390506175,0.000287321032274288,0.001843584358231887,0.3666666666666667,1.0000000000000013,1.0212688694264564
2023-12-12,0.002138835730497886,0.0002059348598586375,0.0019329008706392486,0.30000000000000004,1.0000000000000013,1.0232428809133276
2023-12-13,-0.003652401360890354,0.00025511624915088753,-0.003907517610041242,0.3666666666666667,1.0000000000000013,1.0192445413368094
2023-12-14,0.000881432999240766,0.00030346270595112536,0.0005779702932896406,0.43333333333333335,1.0000000000000013,1.0198336344032997
2023-12-15,0.0019417866708767602,0.00022997620183521646,0.0017118104690415437,0.33333333333333337,1.0000000000000013,1.0215793962953519
2023-12-18,0.002723841220855477,0.0002517960491489513,0.0024720451717065257,0.3666666666666667,1.0000000000000013,1.0241047867094788
2023-12-19,-0.0004487146114130468,0.00019728808439640108,-0.0006460026958094478,0.26666666666666666,1.0000000000000013,1.0234432122564732
2023-12-20,0.0062392231398955035,0.00014544278242552118,0.0060937803574699825,0.2,1.0000000000000013,1.0296798504003075
2023-12-21,-0.002949358421074684,0.00024575757812551994,-0.0031951159992002036,0.33333333333333337,1.0000000000000013,1.0263899038362394
2023-12-22,-0.001896622115047715,0.0002107440944374982,-0.0021073662094852133,0.33333333333333337,1.0000000000000013,1.024226924435138
2023-12-25,-0.0018772835730111153,0.0002100305006115297,-0.002087314073622645,0.2956989247311828,1.0000000000000004,1.0220890411611814
2023-12-26,-0.0007835673083756713,0.00023954106762488298,-0.0010231083760005543,0.3279569892473118,1.0000000000000013,1.0210433333021511
2023-12-27,-0.0016364099225091872,0.00021678753302982744,-0.0018531974555390147,0.30000000000000004,1.0000000000000013,1.0191511383948806
2023-12-28,-0.0005985022022416354,0.00014624242913673655,-0.000744744631378372,0.2,1.0000000000000013,1.0183921310559978
2023-12-29,0.002195116104203324,0.0002309634589565126,0.001964152645246811,0.30000000000000004,1.0000000000000013,1.0203924086541099
2024-01-01,0.004995737671385585,0.00015811659248031202,0.004837621078905273,0.23333333333333334,1.0000000000000013,1.0253286804789699
2024-01-02,0.0004200052801556221,0.00019624298670943379,0.00022376229344618832,0.26666666666666666,1.0000000000000013,1.02555811037605
2024-01-03,-0.0036489522529877653,0.00024461330897843217,-0.0038935655619661974,0.33333333333333337,1.0000000000000013,1.0215650326356946
2024-01-04,0.006898820439391323,0.00019935145666272425,0.006699468982728598,0.2666666666666667,1.0000000000000013,1.0284089758856776
2024-01-05,-0.0002085481656761242,0.00012881124173851836,-0.00033735940741464257,0.16666666666666669,1.0000000000000013,1.028062032442993
2024-01-08,0.00492560674774536,0.0002445469095715497,0.00468105983817381,0.33333333333333337,1.0000000000000013,1.0328744523342133
2024-01-09,0.0022524493731038518,0.00015362087487967688,0.002098828498224175,0.2,1.0000000000000013,1.03504227866986
2024-01-10,-0.0016166288007848292,0.0002380083534011688,-0.001854637154185998,0.30000000000000004,1.0000000000000013,1.0331226508036857
2024-01-11,-0.002353761432247588,0.00015330510375476873,-0.0025070665360023567,0.23333333333333336,1.0000000000000013,1.0305325435782697
2024-01-12,-0.008717234495785394,0.00026111534458557304,-0.008978349840370967,0.3541666666666667,1.0000000000000007,1.0212800618801368
2024-01-15,0.00493827918644657,0.00026726234337784687,0.004671016843068723,0.35,1.0000000000000013,1.0260504782506692
2024-01-16,-0.0006585339073238886,0.0002786872026405814,-0.0009372211099644701,0.3666666666666667,1.0000000000000013,1.0250888420825635
2024-01-17,0.00046248823008245845,0.00017971221204258835,0.0002827760180398701,0.23333333333333334,1.0000000000000013,1.0253787126234648
2024-01-18,-0.0034025897423882903,0.0002662900682028334,-0.0036688798105911236,0.3666666666666667,1.0000000000000013,1.0216167213665106
2024-01-19,0.0009314718442451391,0.0002264531887322494,0.0007050186555128897,0.2666666666666667,1.0000000000000013,1.022336980213858
2024-01-22,0.00029651541700925044,0.00022597375756234117,7.054165944690927e-05,0.30000000000000004,1.0000000000000013,1.022409097560956
2024-01-23,-0.0014915578575219234,0.00017157935429006706,-0.0016631372118119906,0.23333333333333336,1.0000000000000013,1.0207086909451073
2024-01-24,-0.002004814200052944,0.00026821961155305303,-0.002273033811605997,0.3666666666666667,1.0000000000000013,1.0183885855787889
2024-01-25,0.0021118675025816333,0.00024116266017714397,0.0018707048424044894,0.33333333333333337,1.0000000000000013,1.0202936900372805
2024-01-26,-0.0014921849340143256,0.00019142744272730833,-0.001683612376741634,0.2666666666666667,1.0000000000000013,1.0185759109528223
2024-01-29,-0.005173239994304297,0.0001916611148195003,-0.005364901109123798,0.2666666666666667,1.0000000000000013,1.0131113519184247
2024-01-30,0.00510784564562399,0.00029679973175592353,0.004811045913868066,0.4000000000000001,1.0000000000000013,1.0179854771483654
2024-01-31,-0.0028099387601511184,0.00022898606978453268,-0.003038924829935651,0.30000000000000004,1.0000000000000013,1.0148918958053454
2024-02-01,0.005514332228258379,0.00029836110807950615,0.005215971120178873,0.3946236559139784,1.0000000000000002,1.0201855426239697
2024-02-02,-0.0066652088059768674,0.00031085694521435344,-0.006976065751191221,0.3935483870967742,1.0000000000000013,1.0130686612002102
2024-02-05,0.0010488441043448747,0.0002081968341685029,0.0008406472701763719,0.30000000000000004,1.0000000000000013,1.0139202946047494
2024-02-06,0.0029850493399850076,0.00024835607990630025,0.0027366932600787074,0.33333333333333337,1.0000000000000013,1.0166950834412514
2024-02-07,0.00044276092913989805,0.00020316254730051635,0.0002395983818393817,0.30000000000000004,1.0000000000000013,1.016938681938068
2024-02-08,-0.00048091967540345875,0.00016286604938640838,-0.0006437857247898671,0.23333333333333334,1.0000000000000013,1.0162839913316495
2024-02-09,-0.006644887359511837,0.00017805149063249636,-0.006822938850144334,0.2666666666666667,1.0000000000000013,1.009349947804413
2024-02-12,0.006885437182891478,0.00023283693849976991,0.006652600244391708,0.30000000000000004,1.0000000000000013,1.0160647495138533
2024-02-13,0.0018948781361958567,0.00018576499701063209,0.0017091131391852245,0.2666666666666667,1.0000000000000013,1.0178013191275104
2024-02-14,-0.0007071094147396385,0.00016048624696289154,-0.0008675956617025301,0.23333333333333334,1.0000000000000013,1.0169182791185603
2024-02-15,-0.00030649708019349445,0.00013337411382138972,-0.00043987119401488417,0.2,1.0000000000000013,1.0164709660609088
2024-02-16,-0.0029784787837531792,0.0001475426305359826,-0.0031260214142891617,0.23333333333333334,1.0000000000000013,1.0132934560539992
2024-02-19,-0.0010409093420337555,0.0001552843022476547,-0.0011961936442814102,0.2,1.0000000000000013,1.0120813608620756
2024-02-20,-0.001113741505467464,0.00017158801191711516,-0.0012853295173845792,0.23333333333333334,1.0000000000000013,1.0107805028149648
2024-02-21,-8.120489500372286e-05,0.00019474930614056464,-0.0002759542011442875,0.2666666666666667,1.0000000000000013,1.0105015736887784
2024-02-22,0.0006821748975801527,0.00031331935473976247,0.0003688555428403902,0.4208333333333333,1.0000000000000007,1.0108743027952825
2024-02-23,0.0006937506458248872,0.00022354813545228327,0.00047020251037260396,0.2895833333333333,1.0000000000000013,1.011349618430128
2024-02-26,0.0009515461746895074,0.0001901784184154931,0.0007613677562740143,0.26666666666666666,1.0000000000000013,1.012119627419921
2024-02-27,0.0008892994444235178,0.00019875264694054037,0.0006905467974829774,0.26666666666666666,1.0000000000000013,1.0128185433873054
2024-02-28,0.001376848741882898,0.0001646568098399361,0.001212191932042962,0.23333333333333336,1.0000000000000013,1.0140462738542229
2024-02-29,-0.0001907025267440484,0.00022916276419430862,-0.000419865290938357,0.33333333333333337,1.0000000000000013,1.013620511020426
2024-03-01,0.0007939009014473904,0.000137255021855071,0.0006566458795923194,0.2,1.0000000000000013,1.0142861007524577
2024-03-04,9.862973699658592e-05,0.00017856970983248322,-7.99399728358973e-05,0.2666666666666667,1.0000000000000013,1.0142050187491156
2024-03-05,0.00523943946269398,0.0002255296596645088,0.005013909803029471,0.33333333333333337,1.0000000000000013,1.0192901512349035
2024-03-06,0.0004751235424117607,0.00016118396741624105,0.0003139395749955196,0.23333333333333334,1.0000000000000013,1.0196101467517793
2024-03-07,0.005460581497310032,0.0001911073850399578,0.005269474112270074,0.2666666666666667,1.0000000000000013,1.0249829560246957
2024-03-08,0.006120227892305622,0.0002161780892233999,0.005904049803082223,0.30000000000000004,1.0000000000000013,1.031034506444376
2024-03-11,0.0011190461500257495,0.00021527826131360921,0.0009037678887121403,0.30000000000000004,1.0000000000000013,1.0319663223234545
2024-03-12,0.0027730211366402426,0.00016466927320936287,0.00260835186343088,0.23333333333333336,1.0000000000000013,1.0346580536032848
2024-03-13,0.0022925670707861505,0.00021752462904635572,0.002075042441739795,0.30000000000000004,1.0000000000000013,1.0368050129771995
2024-03-14,0.00638489324131435,0.00024641647889531507,0.0061384767624190345,0.33333333333333337,1.0000000000000013,1.0431694164565197
2024-03-15,0.00494700057496671,0.00018760656423211382,0.004759394010734596,0.26666666666666666,1.0000000000000013,1.0481342707293844
2024-03-18,-0.0007307071527736188,0.00015207264755875413,-0.0008827798003323728,0.23333333333333334,1.0000000000000013,1.0472089989671485
2024-03-19,-0.0021109030724199432,0.00017796417174554944,-0.0022888672441654925,0.2666666666666667,1.0000000000000013,1.0448120765916173
2024-03-20,0.008508710083443992,0.00015023733479072602,0.008358472748653267,0.2,1.0000000000000013,1.053545109861272
2024-03-21,-0.0005257594582349861,0.00019439908030628524,-0.0007201585385412713,0.26666666666666666,1.0000000000000013,1.052786390354667
2024-03-22,0.0024869753495753784,0.0001806588685449914,0.002306316481030387,0.2666666666666667,1.0000000000000013,1.0552144489577466
2024-03-25,-0.0005923169248297649,0.00016239349944241612,-0.000754710424272181,0.23333333333333334,1.0000000000000013,1.0544180676132755
2024-03-26,-0.0015438207246451265,0.00020702566236676197,-0.0017508463870118884,0.2666666666666667,1.0000000000000013,1.0525719435491947
2024-03-27,-0.00450682016506583,0.00019841427658192064,-0.0047052344416477505,0.2666666666666667,1.0000000000000013,1.047619345788095
2024-03-28,0.0014950873228108679,0.00024285503590574153,0.0012522322869051262,0.33333333333333337,1.0000000000000013,1.048931208557277
2024-03-29,-0.00092418936148023,0.00020490729458269357,-0.0011290966560629236,0.2666666666666667,1.0000000000000013,1.047746863837255
2024-04-01,0.002859093071889017,0.00015356251026407412,0.002705530561624943,0.2,1.0000000000000013,1.0505815749982135
2024-04-02,-0.00035010395097539115,0.0001690518042293736,-0.0005191557552047647,0.2,1.0000000000000013,1.050036159527241
2024-04-03,-0.0011241058171676476,0.0001420414067439309,-0.0012661472239115785,0.16666666666666666,1.0000000000000013,1.0487066591588488
2024-04-04,-0.0033150521795268597,0.0001799167708974529,-0.003494968950424313,0.23333333333333334,1.0000000000000013,1.0450414619469854
2024-04-05,0.001506186697357105,0.0002450275984626367,0.0012611590988944683,0.3,1.0000000000000013,1.0463594254954418
2024-04-08,0.00043286190174434883,0.0001324081652050924,0.00030045373653925646,0.16559139784946236,1.0000000000000002,1.046673808094595
2024-04-09,-0.001498745957562493,0.0002696315432119619,-0.001768377500774455,0.3548387096774194,0.9999999999999992,1.0448228936817106
2024-04-10,0.001773115099368279,0.0002006011211837314,0.0015725139781845477,0.2903225806451613,1.0000000000000013,1.0464658922867522
2024-04-11,-0.0021950908545263852,0.00016310926905089467,-0.00235820012357728,0.23333333333333334,1.0000000000000013,1.0439981162902423
2024-04-12,-0.00227511602898785,0.00024647235212458423,-0.002521588381112434,0.33333333333333337,1.0000000000000013,1.0413655827703017
2024-04-15,-0.0017036546245847311,0.0002595939882255723,-0.0019632486128103033,0.3666666666666667,1.0000000000000013,1.0393211232344994
2024-04-16,-0.0005165422205765016,0.0002848032607393289,-0.0008013454813158305,0.4,1.0000000000000013,1.0384882679487595
2024-04-17,-0.0012335556420707684,0.00027869035506685683,-0.0015122459971376252,0.4,1.0000000000000013,1.0369178182224796
2024-04-18,-0.0038408866304631053,0.00021625741640159845,-0.0040571440468647035,0.30000000000000004,1.0000000000000013,1.0327108932691904
2024-04-19,0.00028333476223994076,0.0002995708598801113,-1.6236097640170565e-05,0.4333333333333334,1.0000000000000013,1.0326941260742932
2024-04-22,0.00046553996133460453,0.0002481843280554288,0.00021735563327917576,0.3666666666666667,1.0000000000000013,1.0329185879600498
2024-04-23,-0.0033587659515106876,0.0003765429033717537,-0.0037353088548824414,0.5,1.0000000000000013,1.0290603180120699
2024-04-24,0.001451329489029776,0.0003628343785391162,0.0010884951104906597,0.49032258064516127,1.0000000000000002,1.0301804451366259
2024-04-25,-0.002016276182072039,0.00030589638039442446,-0.002322172562466463,0.3924731182795699,1.0000000000000013,1.0277881883725402
2024-04-26,-0.0018022012235193888,0.00024889343942911585,-0.0020510946629485045,0.33333333333333337,1.0000000000000013,1.0256800975047278
2024-04-29,-0.0005653616752846536,0.000318891535755677,-0.0008842532110403306,0.46666666666666673,1.0000000000000013,1.024773136585009
2024-04-30,-0.004699891491282483,0.00031119918708537645,-0.0050110906783678594,0.43333333333333335,1.0000000000000013,1.019637905472826
2024-05-01,0.0010469169333258753,0.00021239358111263166,0.0008345233522132436,0.30000000000000004,1.0000000000000013,1.020488817115745
2024-05-02,5.356889445579452e-07,0.00026455521988152665,-0.0002640195309369687,0.3666666666666667,1.0000000000000013,1.0202193881369235
2024-05-03,0.006071499797215139,0.0002478505257670013,0.005823649271448138,0.33333333333333337,1.0000000000000013,1.0261607880333643
2024-05-06,-0.0014938610969268342,0.0001764713506120093,-0.0016703324475388435,0.23333333333333336,1.0000000000000013,1.0244467583727201
2024-05-07,0.0007657116686702753,0.0003630896587376162,0.0004026220099326591,0.4666666666666667,1.0000000000000013,1.0248592231856453
2024-05-08,-0.003467047950506385,0.00023116811564306264,-0.0036982160661494477,0.33333333333333337,1.0000000000000013,1.0210690723409188
2024-05-09,-0.0015656499531233805,0.0002624074591052821,-0.0018280574122286626,0.3666666666666667,1.0000000000000013,1.0192024994548285
2024-05-10,-0.00010858170919741241,0.0002578375682753274,-0.0003664192774727398,0.3666666666666667,1.0000000000000013,1.0188290440113799
2024-05-13,0.004174821355968762,0.00023817222274932342,0.0039366491332194385,0.3666666666666667,1.0000000000000013,1.022839816484386
2024-05-14,-0.0022011467990752315,0.0001659453306551971,-0.0023670921297304286,0.23333333333333336,1.0000000000000013,1.0204186604048109
2024-05-15,-0.001905571935059297,0.00024363912316713434,-0.0021492110582264313,0.33333333333333337,1.0000000000000013,1.0182255653358483
2024-05-16,0.0031800443188850615,0.000234864786046127,0.0029451795328389345,0.30000000000000004,1.0000000000000013,1.0212244224306888
2024-05-17,-0.0005156289625093831,0.0002414913892618738,-0.0007571203517712569,0.32795698924731187,1.0000000000000002,1.0204512326367408
2024-05-20,0.0004738269240589775,0.0002230218727649514,0.0002508050512940261,0.2967741935483871,1.0000000000000002,1.0207071669604852
2024-05-21,0.0026272614898459707,0.00023781997602170774,0.002389441513824263,0.3290322580645161,1.0000000000000013,1.0231460870386786
2024-05-22,0.00027579645367908743,0.0001722536364625417,0.00010354281721654574,0.2666666666666667,1.0000000000000013,1.0232520264669547
2024-05-23,0.0027304492150694447,0.00017040206555555507,0.0025600471495138897,0.23333333333333334,1.0000000000000013,1.0258715999005459
2024-05-24,0.0022660993468103826,0.00019119310815147672,0.002074906238658906,0.26666666666666666,1.0000000000000013,1.0280001872832425
2024-05-27,-0.0019788716070158843,0.0001976785660406249,-0.002176550173056509,0.2666666666666667,1.0000000000000013,1.025762693297709
2024-05-28,0.00174653950018996,0.0002166888368724285,0.0015298506633175317,0.30000000000000004,1.0000000000000013,1.0273319570344568
2024-05-29,-0.002961754088755941,0.0002496194959280917,-0.0032113735846840325,0.33333333333333337,1.0000000000000013,1.0240328103249345
2024-05-30,0.005723918199083888,0.0002013183012570817,0.005522599897826806,0.3,1.0000000000000013,1.0296881338186064
2024-05-31,0.001074665932550414,0.00016676786137726927,0.0009078980711731448,0.23333333333333334,1.0000000000000013,1.0306229856892102
2024-06-03,-0.004771153982695589,7.054588268239019e-05,-0.004841699865377979,0.1,1.0000000000000013,1.0256330185181433
2024-06-04,0.0006298091412440378,0.0001902585140725615,0.0004395506271714763,0.26666666666666666,1.0000000000000013,1.0260838361546807
2024-06-05,0.002475432977505291,0.00017421819554005612,0.002301214781965235,0.2290322580645161,1.0000000000000004,1.0284450754459753
2024-06-06,-0.0022035353437439456,0.0002480698456327839,-0.0024516051893767295,0.32688172043010755,1.0000000000000013,1.025923734162023
2024-06-07,0.005694338185724454,0.00024495409631573693,0.005449384089408717,0.33333333333333337,1.0000000000000013,1.0315143866359124
2024-06-10,-0.0011556393927842394,0.00035481458663517843,-0.0015104539794194177,0.5,1.0000000000000013,1.0299563316257898
2024-06-11,-0.00030599293724768495,0.00021245098916967568,-0.0005184439264173606,0.30000000000000004,1.0000000000000013,1.0294223570211833
2024-06-12,0.0011279887037636029,0.0002323508289732988,0.0008956378747903041,0.33333333333333337,1.0000000000000013,1.0303443466732876
2024-06-13,-0.0018671632489942705,0.00015866781416993333,-0.002025831063164204,0.23333333333333334,1.0000000000000013,1.028257043090041
2024-06-14,0.0009516291391517372,0.0001893050180408933,0.0007623241211108439,0.26666666666666666,1.0000000000000013,1.0290409082366907
2024-06-17,-0.0024980969255906558,0.00026492904250299137,-0.002763025968093647,0.33333333333333337,1.0000000000000013,1.026197641485002
2024-06-18,0.004890045645124531,0.0003356036423441782,0.004554442002780353,0.43333333333333335,1.0000000000000013,1.0308713991265355
2024-06-19,6.628683193868313e-05,0.00022257466519006033,-0.0001562878332513772,0.30000000000000004,1.0000000000000013,1.0307102864692053
2024-06-20,-0.0013339813448238658,0.00025226566569844217,-0.001586247010522308,0.33333333333333337,1.0000000000000013,1.029075325358579
2024-06-21,0.004534627004957227,0.00038251260379993366,0.004152114401157293,0.5333333333333333,1.0000000000000013,1.033348163836876
2024-06-24,0.004970682772838529,0.00022210388935992346,0.004748578883478605,0.33333333333333337,1.0000000000000013,1.0382550991069532
2024-06-25,0.0024316630929072714,0.00018737187195672197,0.0022442912209505493,0.2666666666666667,1.0000000000000013,1.0405852459109861
2024-06-26,0.002221446418586447,0.00017983541202353626,0.002041611006562911,0.23333333333333334,1.0000000000000013,1.042709716202305
2024-06-27,-0.00022455718608191405,0.00019129032347096726,-0.00041584750955288134,0.23333333333333336,1.0000000000000013,1.0422761079636356
2024-06-28,-0.0005376765752167261,0.00019387076439826732,-0.0007315473396149934,0.26666666666666666,1.0000000000000013,1.0415136336497104
2024-07-01,0.004066364604475243,0.00018357443401841088,0.003882790170456832,0.2666666666666667,1.0000000000000013,1.0455576125488422
2024-07-02,-0.001088913422679243,0.00016730793920812512,-0.001256221361887368,0.23010752688172043,1.0000000000000004,1.0442441607408743
2024-07-03,0.005336691571667313,0.00025948549562600167,0.005077206076041311,0.36129032258064514,1.0000000000000013,1.0495460035386586
2024-07-04,0.005158110113740423,0.00015579575750740947,0.0050023143562330135,0.2,1.0000000000000013,1.054796162579687
2024-07-05,-0.0015771815986729727,0.00019035340856477239,-0.001767535007237745,0.26666666666666666,1.0000000000000013,1.0529317734368273
2024-07-08,-0.0017100501850582808,0.00013267187792736465,-0.0018427220629856455,0.2,1.0000000000000013,1.0509915128270966
2024-07-09,-0.0008892900496293445,0.00019475391209725564,-0.0010840439617266,0.2666666666666667,1.0000000000000013,1.0498521918237904
2024-07-10,-0.00038590201229186103,0.00012940354277084633,-0.0005153055550627074,0.16666666666666669,1.0000000000000013,1.0493111971573488
2024-07-11,-0.0009808886194252599,0.00018592149213870457,-0.0011668101115639643,0.26666666666666666,1.0000000000000013,1.0480868502423284
2024-07-12,-0.00039759890711089826,0.00022754773996218097,-0.0006251466470730792,0.33333333333333337,1.0000000000000013,1.047431642262058
2024-07-15,0.0010982798717887954,0.00020494156801477184,0.0008933383037740235,0.2946236559139785,1.0000000000000004,1.0483673530686755
2024-07-16,0.004384843835651776,0.0002685880822412768,0.0041162557534105,0.3946236559139785,1.0000000000000013,1.052682701217432
2024-07-17,-0.0005972655123908711,0.00021708764749381527,-0.0008143531598846863,0.30000000000000004,1.0000000000000013,1.0518254457333396
2024-07-18,0.00019273922271286615,0.00017529775536365795,1.74414673492082e-05,0.23333333333333334,1.0000000000000013,1.0518437911125085
2024-07-19,0.0035531333814758466,0.0002519198440184329,0.0033012135374574135,0.33333333333333337,1.0000000000000013,1.0553161520750196
2024-07-22,-0.00017310541263854378,0.00014740692007112683,-0.0003205123327096706,0.2,1.0000000000000013,1.0549779102333718
2024-07-23,0.0016300019011296833,0.00014070988306148958,0.0014892920180681938,0.19569892473118283,1.0000000000000004,1.0565490804143207
2024-07-24,-0.0035917153215731315,0.00021569606013327578,-0.003807411381706407,0.29354838709677417,1.0000000000000013,1.0525263634202198
2024-07-25,-0.002303071555058763,0.00032616150306896837,-0.0026292330581277317,0.4236559139784946,1.0000000000000004,1.0497590263109644
2024-07-26,0.002648299046062043,0.00023010881543020667,0.0024181902306318363,0.3258064516129032,1.0000000000000013,1.0522975433329074
2024-07-29,-0.0028540485732246983,0.0002544640575549474,-0.0031085126307796454,0.33333333333333337,1.0000000000000013,1.0490264631281188
2024-07-30,0.0015651387705694205,0.0001476110042639855,0.001417527766305435,0.2,1.0000000000000013,1.050513487267192
2024-07-31,0.0024232317339835593,0.00016515260344584799,0.0022580791305377114,0.2290322580645161,1.0000000000000004,1.0528856298491385
2024-08-01,-0.0016950828780501054,0.0001933482821203124,-0.0018884311601704178,0.26236559139784943,1.0000000000000013,1.0508973278176357
2024-08-02,0.0069043535411985255,0.0002481630319847494,0.006656190509213776,0.33333333333333337,1.0000000000000013,1.0578923006372134
2024-08-05,-0.0012224832295714136,0.00020095193518913454,-0.001423435164760548,0.2946236559139785,1.0000000000000004,1.056386459535957
2024-08-06,0.0009572260100980945,0.0002180278077609094,0.0007391982023371851,0.29354838709677417,1.0000000000000013,1.0571673385078193
2024-08-07,0.0016969401957590694,0.00030971849246748395,0.0013872217032915855,0.43333333333333335,1.0000000000000013,1.0586338639838082
2024-08-08,0.0055359696983501615,0.00024149838659778198,0.005294471311752379,0.30000000000000004,1.0000000000000013,1.06423877060632
2024-08-09,0.0033924996719274145,0.0002395364330451149,0.0031529632388822997,0.2946236559139785,1.0000000000000004,1.067594276327435
2024-08-12,-0.0003734019285683562,0.00017333935468784783,-0.000546741283256204,0.2279569892473118,1.0000000000000013,1.0670105784627988
2024-08-13,0.0044551718673857075,0.00031920415884144934,0.004135967708544258,0.43333333333333335,1.0000000000000013,1.071423699759996
2024-08-14,-0.0021814198883693754,0.00017757844646239083,-0.0023589983348317662,0.23333333333333334,1.0000000000000013,1.0688962130363628
2024-08-15,-0.00605766399415998,0.00022583218204943214,-0.006283496176209412,0.26666666666666666,1.0000000000000013,1.0621798077689841
2024-08-16,0.001304712531815444,0.0002380888551449438,0.0010666236766705003,0.30000000000000004,1.0000000000000013,1.0633127539008318
2024-08-19,-0.0007975801699281446,0.00019413912190440825,-0.0009917192918325528,0.2666666666666667,1.0000000000000013,1.062258246129537
2024-08-20,-0.0064263524793192785,0.00029751791398813297,-0.006723870393307412,0.4,1.0000000000000013,1.0551157593583398
2024-08-21,0.0014791518583934051,0.00030941017720879937,0.0011697416811846059,0.43333333333333335,1.0000000000000013,1.056349972240536
2024-08-22,-0.0005402355741097576,0.0002363256027843193,-0.0007765611768940769,0.3333333333333333,1.0000000000000013,1.055529651862881
2024-08-23,-0.0013835641715847723,0.00026510822061475694,-0.0016486723921995293,0.33333333333333337,1.0000000000000013,1.0537894292667065
2024-08-26,-0.0033010351730696844,0.00021656460223432776,-0.003517599775304012,0.2666666666666667,1.0000000000000013,1.0500826198071003
2024-08-27,-0.001836055451248526,0.00022514992415686096,-0.002061205375405387,0.30000000000000004,1.0000000000000013,1.0479181838665341
2024-08-28,0.005612338336452502,0.00026945096514039096,0.0053428873713121106,0.3666666666666667,1.0000000000000013,1.053517092697283
2024-08-29,0.003644460195737742,0.0001915149603103385,0.0034529452354274035,0.2666666666666667,1.0000000000000013,1.0571548295229536
2024-08-30,-0.00018208192823047483,0.0002547333917935028,-0.0004368153200239776,0.3666666666666667,1.0000000000000013,1.0566930480977808
2024-09-02,-0.003440512064934299,0.000350636778007176,-0.003791148842941475,0.4666666666666667,1.0000000000000013,1.0526869674711405
2024-09-03,0.0007380824302659968,0.00019464752391979215,0.0005434349063462047,0.26666666666666666,1.0000000000000013,1.0532590343147201
2024-09-04,0.004680872687062319,0.00022207517570099495,0.004458797511361324,0.33333333333333337,1.0000000000000013,1.0579553030757414
2024-09-05,0.00021143746738248647,0.0002830042842195638,-7.156681683707732e-05,0.3666666666666667,1.0000000000000013,1.0578795885823444
2024-09-06,0.003428073593171205,0.0002706215227806619,0.003157452070390543,0.3666666666666667,1.0000000000000013,1.0612197926795377
2024-09-09,-0.0021151082764122326,0.00017921957105012452,-0.0022943278474623573,0.23333333333333334,1.0000000000000013,1.0587850065569149
2024-09-10,-0.0007963090701208666,0.00022051802420830363,-0.0010168270943291702,0.3,1.0000000000000013,1.0577084052751784
2024-09-11,-0.005986534841569108,0.00016736479548676671,-0.006153899637055874,0.23333333333333336,1.0000000000000013,1.0511993739038445
2024-09-12,0.0003935018516680378,0.0002612028893776757,0.00013229896229036207,0.35806451612903223,1.0000000000000004,1.0513384464901723
2024-09-13,0.0027054366520963997,0.00031886066694826075,0.002386575985148139,0.4258064516129032,1.0000000000000013,1.0538475455788288
2024-09-16,0.0035534958350644527,0.00022680100566577232,0.0033266948293986806,0.3,1.0000000000000013,1.0573533747596804
2024-09-17,-0.002060408434124684,0.0002490297087936462,-0.00230943814291833,0.33333333333333337,1.0000000000000013,1.054911482545467
2024-09-18,-0.0004946105451254657,0.00016982836124983618,-0.0006644389063753019,0.23333333333333334,1.0000000000000013,1.0542105583136818
2024-09-19,0.0013163807604247581,0.00023666819775217427,0.001079712562672584,0.33333333333333337,1.0000000000000013,1.055348802697195
2024-09-20,0.0013647052033854575,0.00027345421990902574,0.0010912509834764318,0.3666666666666667,1.0000000000000013,1.0565004531160491
2024-09-23,0.004683760855878351,0.00023782107687987731,0.004445939778998474,0.3,1.0000000000000013,1.0611975905070876
2024-09-24,0.0022050170972387627,0.00020314516595083736,0.0020018719312879254,0.26666666666666666,1.0000000000000013,1.0633219721770741
2024-09-25,-0.0018537805464297397,0.0001650247851444397,-0.0020188053315741794,0.23333333333333334,1.0000000000000013,1.061175332110463
2024-09-26,-0.00011503962887035532,0.0002738928148012755,-0.00038893244367163083,0.33333333333333337,1.0000000000000013,1.0607626065953812
2024-09-27,0.004106395411764186,0.0002690202621984342,0.003837375149565752,0.3666666666666667,1.0000000000000013,1.064833150661519
2024-09-30,0.004753856533162806,0.00024074081141544805,0.004513115721747358,0.30000000000000004,1.0000000000000013,1.069638865894807
2024-10-01,-0.0028654947996962082,0.00023308082825757937,-0.0030985756279537876,0.33333333333333337,1.0000000000000013,1.0663245089742333
2024-10-02,-0.00025839655358874444,0.0001667298631175683,-0.00042512641670631275,0.23333333333333334,1.0000000000000013,1.065871186256687
2024-10-03,0.0031375455024726428,0.0003148526707655573,0.0028226928317070855,0.4,1.0000000000000013,1.0688798132136568
2024-10-04,0.0018869676092079348,0.0002985932755498589,0.0015883743336580758,0.3666666666666667,1.0000000000000013,1.0705775944747304
2024-10-07,-0.004447996230145974,0.0003044917337640173,-0.0047524879639099914,0.3924731182795699,1.0000000000000002,1.0654896873425574
2024-10-08,-0.002084695492499238,0.00034620646423831386,-0.002430901956737552,0.48387096774193544,1.0000000000000004,1.0628995863767128
2024-10-09,-0.0023103410939946853,0.00026559893305591094,-0.0025759400270505962,0.3602150537634409,1.0000000000000013,1.0601616207874294
2024-10-10,-0.003051834322287206,0.00015706327604789316,-0.003208897598335099,0.23333333333333334,1.0000000000000013,1.0567596707086375
2024-10-11,0.0008183294979745749,0.0002275605874717734,0.0005907689105028015,0.30000000000000004,1.0000000000000013,1.0573839714679651
2024-10-14,0.000994918204558019,0.00023159001385405825,0.0007633281907039607,0.30000000000000004,1.0000000000000013,1.0581911024617852
2024-10-15,0.0015711207471086047,0.00015856273771006925,0.0014125580093985353,0.2,1.0000000000000013,1.0596858587790416
2024-10-16,0.0010495649858168659,0.0002600930108509215,0.0007894719749659444,0.33333333333333337,1.0000000000000013,1.0605224510668154
2024-10-17,0.004537328321997081,0.0001529558859863614,0.00438437243601072,0.2,1.0000000000000013,1.0651721764690432
2024-10-18,0.0006176479315321188,0.0002369970601152102,0.00038065087141690864,0.3258064516129032,1.0000000000000002,1.065577635186225
2024-10-21,-0.00014216613565133407,0.0001807364012813043,-0.00032290253693263834,0.2602150537634409,1.0000000000000013,1.0652335574645246
2024-10-22,0.0026121667000829894,0.0002115796231764837,0.0024005870769065055,0.30000000000000004,1.0000000000000013,1.0677907433764613
2024-10-23,0.004639839234070115,0.00017273589334520565,0.004467103340724909,0.23333333333333334,1.0000000000000013,1.0725606749733934
2024-10-24,0.0012007262675597184,0.0001994392664496134,0.001001287001110105,0.2666666666666667,1.0000000000000013,1.073634616035146
2024-10-25,-0.0028757402107082736,0.00030289491214573075,-0.0031786351228540043,0.4,1.0000000000000013,1.0702219233355048
2024-10-28,-0.0013771636465309653,0.0002410352442907124,-0.0016181988908216777,0.33333333333333337,1.0000000000000013,1.0684900914062303
2024-10-29,0.0018492997430407524,0.0002587510986328715,0.001590548644407881,0.3666666666666667,1.0000000000000013,1.0701895768726797
2024-10-30,0.002973732023376409,0.00023967901973830248,0.0027340530036381065,0.33333333333333337,1.0000000000000013,1.0731155318997907
2024-10-31,-0.0011295615969931635,0.0002598005332798125,-0.0013893621302729759,0.3666666666666667,1.0000000000000013,1.0716245858183615
2024-11-01,0.0022221629255204218,0.0002001238106830541,0.0020220391148373677,0.2666666666666667,1.0000000000000013,1.0737914526473076
2024-11-04,0.0024869720728159564,0.00016816275934523352,0.002318809313470723,0.23333333333333336,1.0000000000000013,1.0762813702684315
2024-11-05,-0.0007186035912353638,0.0002588088489074254,-0.0009774124401427892,0.3666666666666667,1.0000000000000013,1.075229399468037
2024-11-06,0.0006210044962595638,0.0002740662053847725,0.0003469382908747913,0.3666666666666667,1.0000000000000013,1.0756024377181868
2024-11-07,0.002128477784899699,0.00027141642408804947,0.0018570613608116498,0.3666666666666667,1.0000000000000013,1.077599897444868
2024-11-08,-0.0006337677683416607,0.00019857499182647113,-0.0008323427601681318,0.26666666666666666,1.0000000000000013,1.0767029649718718
2024-11-11,0.0032649240521502388,0.00023782790885091887,0.00302709614329932,0.33333333333333337,1.0000000000000013,1.079962248364617
2024-11-12,-0.00460963287813567,0.00022339158224143814,-0.004833024460377108,0.30000000000000004,1.0000000000000013,1.074742764401987
2024-11-13,0.007549428587733184,0.00021851263912924088,0.007330915948603943,0.30000000000000004,1.0000000000000013,1.0826216132741882
2024-11-14,-0.0021189838017856514,0.00024327694646447337,-0.0023622607482501248,0.33333333333333337,1.0000000000000013,1.0800641787319434
2024-11-15,0.0028203574995218634,0.00026470806098052727,0.002555649438541336,0.3333333333333333,1.0000000000000013,1.082824444143908
2024-11-18,-4.476193049633391e-05,0.0002472273311915222,-0.0002919892616878561,0.33333333333333337,1.0000000000000013,1.0825082710339249
2024-11-19,0.001964928313494217,0.00026577021316419937,0.0016991581003300176,0.32903225806451614,1.0000000000000002,1.0843476237313265
2024-11-20,0.009193584628998993,0.00021222663020063737,0.008981357998798355,0.2946236559139785,1.0000000000000013,1.0940865379352038
2024-11-21,-0.0015217066042453099,0.00012176079270272651,-0.0016434673969480363,0.16666666666666669,1.0000000000000013,1.0922884423806676
2024-11-22,-0.004545254334092649,0.00011222455471530653,-0.004657478888807956,0.16666666666666669,1.0000000000000013,1.0872011320197907
2024-11-25,-0.0009681943236699676,0.00010706994347983964,-0.0010752642671498073,0.16666666666666669,1.0000000000000013,1.0860321034913252
2024-11-26,-3.619615722669659e-05,0.0002215969693843,-0.0002577931266109966,0.33333333333333337,1.0000000000000013,1.0857521318797663
2024-11-27,0.004492208607984846,0.0002492066937065394,0.004243001914278306,0.3666666666666667,1.0000000000000013,1.0903589802537639
2024-11-28,0.0002414815458893882,0.00017654713228220558,6.493441360718263e-05,0.2666666666666667,1.0000000000000013,1.090429782074768
2024-11-29,-0.0007186592252734394,0.00023041078544975118,-0.0009490700107231906,0.3,1.0000000000000013,1.0893948878698014
2024-12-02,-0.0013924521914433644,0.00026263227251674566,-0.0016550844639601102,0.3666666666666667,1.0000000000000013,1.0875918473157706
2024-12-03,0.0017983511471768457,0.000179238523222464,0.0016191126239543817,0.23333333333333334,1.0000000000000013,1.0893527810054695
2024-12-04,-0.005579140815683153,0.0001651211832038954,-0.005744261998887048,0.2666666666666667,1.0000000000000013,1.0830952532221578
2024-12-05,-0.0015912623603653298,0.0001949227135094991,-0.0017861850738748288,0.26666666666666666,1.0000000000000013,1.0811606446472677
2024-12-06,0.009284745034519183,0.00016660921991729506,0.009118135814601889,0.23333333333333334,1.0000000000000013,1.091018814242564
2024-12-09,-0.0053541988517543946,0.00014357512231293792,-0.005497773974067332,0.16666666666666669,1.0000000000000013,1.0850206394004034
2024-12-10,0.0025203119374000564,0.00015535559553501684,0.0023649563418650394,0.2,1.0000000000000013,1.0875866658426079
2024-12-11,0.0035693488272288687,0.00011328195936068889,0.00345606686786818,0.16666666666666669,1.0000000000000013,1.091345438084362
2024-12-12,-0.005534684330733902,0.00016294957435658883,-0.005697633905090491,0.23333333333333336,1.0000000000000013,1.0851273513141666
2024-12-13,-0.004043896972018124,0.0002579418108813423,-0.004301838782899466,0.3666666666666667,1.0000000000000013,1.0804593083898983
2024-12-16,0.0022778342091402995,0.0001654022808797924,0.002112431928260507,0.23333333333333334,1.0000000000000013,1.0827417051301276
2024-12-17,0.0002838245275324762,0.00019882309375988597,8.500143377259024e-05,0.2666666666666667,1.0000000000000013,1.082833739727469
2024-12-18,0.0033945392981997954,0.00024274619556069552,0.0031517931026391,0.33333333333333337,1.0000000000000013,1.0862466076396469
2024-12-19,0.0003610600880800856,0.00014636285296099015,0.00021469723511909547,0.2,1.0000000000000013,1.0864798217829645
2024-12-20,0.00026371476803938054,0.0002860391132060714,-2.2324345166690855e-05,0.3666666666666667,1.0000000000000013,1.0864555668324065
2024-12-23,-8.426909348513957e-05,0.00029950864359799064,-0.0003837777370831302,0.3935483870967742,1.0000000000000004,1.0860386093735261
2024-12-24,-0.004108442965741333,0.0003142115740138654,-0.004422654539755198,0.4258064516129032,1.0000000000000013,1.081235435787431
2024-12-25,-0.0013133424730814647,0.00026466880053818286,-0.0015780112736196476,0.3666666666666667,1.0000000000000013,1.0795292340803213
2024-12-26,0.0024824863742384535,0.0002487727820203712,0.0022337135922180823,0.33333333333333337,1.0000000000000013,1.0819405932036834
2024-12-27,0.0022518944910508458,0.0002012187828631573,0.0020506757081876882,0.2666666666666667,1.0000000000000013,1.0841593024958684
2024-12-30,0.004347186112189892,0.00018924964357350488,0.004157936468616387,0.2666666666666667,1.0000000000000013,1.0886671679975057
2024-12-31,-0.0005132268222510577,0.0001598621331642449,-0.0006730889554153026,0.2,1.0000000000000013,1.0879343981506033
2025-01-01,-2.1553072766204197e-05,0.0001997021226347419,-0.0002212551954009461,0.26666666666666666,1.0000000000000013,1.0876936870127571
2025-01-02,-0.0017989489082915972,0.00022503319380718734,-0.0020239821020987844,0.30000000000000004,1.0000000000000013,1.0854922144576775
2025-01-03,0.002217992459348964,0.00023219038746320004,0.001985802071885764,0.30000000000000004,1.0000000000000013,1.0876477871461634
2025-01-06,0.007853404272910381,0.0002204806523399197,0.007632923620570462,0.3,1.0000000000000013,1.0959497196315326
2025-01-07,-0.0005427105743064769,0.00017637215901002568,-0.0007190827333165026,0.23333333333333334,1.0000000000000013,1.0951616411115626
2025-01-08,0.0032005020550294116,0.00023564495280843872,0.002964857102220973,0.33333333333333337,1.0000000000000013,1.0984086388812921
2025-01-09,-0.0014876719824474891,0.00014399647411615857,-0.0016316684565636477,0.2,1.0000000000000013,1.0966164001528125
2025-01-10,-0.0018928385629240357,0.00014554977770306956,-0.0020383883406271054,0.2,1.0000000000000013,1.0943810700686005
2025-01-13,-0.0022312450631054837,0.00023501252063463387,-0.0024662575837401174,0.33333333333333337,1.0000000000000013,1.0916820444550424
2025-01-14,0.002307086021885203,0.00020937656617214714,0.002097709455713056,0.30000000000000004,1.0000000000000013,1.093972076202328
2025-01-15,0.0030848005614758332,0.00021950453527702158,0.0028652960261988116,0.30000000000000004,1.0000000000000013,1.097106630045043
2025-01-16,0.0009833307922662146,0.00019577233554031914,0.0007875584567258954,0.26666666666666666,1.0000000000000013,1.097970665649465
2025-01-17,0.004834766764909772,0.0001654761573171912,0.004669290607592581,0.23333333333333336,1.0000000000000013,1.1030974097659942
2025-01-20,-0.000913475059682677,0.00014020591456081837,-0.0010536809742434953,0.2,1.0000000000000013,1.1019350970125865
2025-01-21,0.0034036373106994334,0.00011235513741546325,0.00329128217328397,0.16666666666666669,1.0000000000000013,1.1055618763535
2025-01-22,0.007148809603755124,0.00017888247145729418,0.00696992713229783,0.26666666666666666,1.0000000000000013,1.1132675620719303
2025-01-23,0.003627876970009476,0.00014465387610895986,0.003483223093900516,0.2,1.0000000000000013,1.1171453213538296
2025-01-24,0.004026268789265558,0.00014413056984571436,0.0038821382194198437,0.2,1.0000000000000013,1.1214822339025035
2025-01-27,-0.0021592267972528434,0.0001470923636979836,-0.002306319160950827,0.2,1.0000000000000013,1.1188957379377882
2025-01-28,-0.00015354071878702965,0.00031236075556408696,-0.0004659014743511166,0.4,1.0000000000000013,1.1183744427638378
2025-01-29,0.003790798126056172,0.0002208591876834932,0.003569938938372679,0.30000000000000004,1.0000000000000013,1.1223669712347413
2025-01-30,0.00041745476665571904,0.00018466544500471882,0.00023278932165100022,0.2666666666666667,1.0000000000000013,1.1226282462806185
2025-01-31,0.0033942401460879896,0.0001857275917397176,0.003208512554348272,0.26666666666666666,1.0000000000000013,1.1262302131026758
2025-02-03,0.0010510418643010493,0.0001919661180534981,0.0008590757462475512,0.2666666666666667,1.0000000000000013,1.1271977301634437
2025-02-04,-0.0023041003819730997,0.00018515062073503485,-0.0024892510027081345,0.2666666666666667,1.0000000000000013,1.124391852083384
2025-02-05,0.004714264242633322,0.00024365419486107118,0.004470610047772251,0.33333333333333337,1.0000000000000013,1.1294185695949412
2025-02-06,0.0029139943594491567,0.00016864762128050465,0.002745346738168652,0.23333333333333336,1.0000000000000013,1.1325192151810057
2025-02-07,9.343384231809106e-05,0.00015090511428618133,-5.7471271968090266e-05,0.2,1.0000000000000013,1.132454127861181
2025-02-10,0.004143246043280576,0.000146463594966945,0.003996782448313631,0.2,1.0000000000000013,1.1369803006429369
2025-02-11,0.00041310327041098343,0.00018724078373999372,0.0002258624866709897,0.23333333333333334,1.0000000000000013,1.137237101840936
2025-02-12,0.001183712989136625,0.00015653046243617236,0.0010271825267004525,0.2,1.0000000000000013,1.1384052519206624
2025-02-13,-0.004771812788352529,0.00018241496015309125,-0.004954227748505621,0.23333333333333334,1.0000000000000013,1.1327653330325527
2025-02-14,-0.0022076339198440357,0.00020458118104026694,-0.0024122151008843028,0.2666666666666667,1.0000000000000013,1.1300328593904534
2025-02-17,-0.0005865565932716438,0.00023000189100566603,-0.0008165584842773099,0.33333333333333337,1.0000000000000013,1.129110121471606
2025-02-18,-0.0035622822911513296,0.00018589921008184293,-0.0037481815012331723,0.2666666666666667,1.0000000000000013,1.124878011801451
2025-02-19,-0.0034028290508919356,0.0001917566346526722,-0.003594585685544608,0.2623655913978495,1.0000000000000007,1.1208345414022456
2025-02-20,0.0057608182345085,0.0002774133296653216,0.0054834049048431786,0.39139784946236555,1.0000000000000013,1.1269805310240884
2025-02-21,-0.001909837452426428,0.00014062045684204522,-0.0020504579092684733,0.2,1.0000000000000013,1.1246697048806584
2025-02-24,-0.0013310573482035416,0.00015668603458507,-0.0014877433827886117,0.23333333333333334,1.0000000000000013,1.1229964849693994
2025-02-25,-0.000658878265355495,0.00015928942740950152,-0.0008181676927649965,0.23333333333333334,1.0000000000000013,1.1220776855263088
2025-02-26,-0.0025710305860642112,0.0002233237429527419,-0.002794354329016953,0.30000000000000004,1.0000000000000013,1.118942202888265
2025-02-27,-0.003316645834471814,0.0002341995908394888,-0.003550845425311303,0.33333333333333337,1.0000000000000013,1.1149690120859514
2025-02-28,-0.002663539222199505,0.00019559553851120304,-0.0028591347607107077,0.2666666666666667,1.0000000000000013,1.1117811654263812
2025-03-03,-0.003696804557465139,0.0002823918616621713,-0.00397919641912731,0.4,1.0000000000000013,1.1073571697940632
2025-03-04,-0.0015123456537056382,0.0002947606506640754,-0.0018071063043697136,0.4,1.0000000000000013,1.1053560576713393
2025-03-05,0.004066440125728904,0.0002692877266625411,0.003797152399066363,0.3602150537634409,1.0000000000000004,1.1095532630775484
2025-03-06,-0.00371687767691827,0.0002789578843341655,-0.003995835561252436,0.3935483870967742,1.0000000000000004,1.1051196706918396
2025-03-07,0.0032541289287936425,0.00029309124903436083,0.0029610376797592815,0.3946236559139785,1.0000000000000013,1.1083919716774013
2025-03-10,0.0022888380491192257,0.00022154881702989894,0.002067289232089327,0.30000000000000004,1.0000000000000013,1.1106833384653845
2025-03-11,0.0024558366065280768,0.00025305986805283966,0.002202776738475237,0.33333333333333337,1.0000000000000013,1.1131299258871679
2025-03-12,0.0018687003215837376,0.00021001086173263453,0.001658689459851103,0.2666666666666667,1.0000000000000013,1.1149762627626818
2025-03-13,0.0055835916947601216,0.00022657562552868713,0.005357016069231434,0.30000000000000004,1.0000000000000013,1.120949208519113
2025-03-14,-0.003024458495988572,0.00021924461501926105,-0.0032437031110078333,0.30000000000000004,1.0000000000000013,1.1173131820841578
2025-03-17,-0.004342451777359677,0.00023662859091176983,-0.004579080368271447,0.33333333333333337,1.0000000000000013,1.1121969152268651
2025-03-18,-0.0004358955527186446,0.0002722944585060278,-0.0007081900112246725,0.3666666666666667,1.0000000000000013,1.1114092684809866
2025-03-19,-0.001074777033878053,0.00021983245497463706,-0.00129460948885269,0.30000000000000004,1.0000000000000013,1.1099704274960123
2025-03-20,0.003260051577862707,0.0002973558630100034,0.0029626957148527035,0.43333333333333335,1.0000000000000013,1.113258932125168
2025-03-21,-0.0010543453066540443,0.0002930953807688852,-0.0013474406874229294,0.4,1.0000000000000013,1.1117588817443855
2025-03-24,0.000778598335619998,0.0002553713023844969,0.0005232270332355011,0.3666666666666667,1.0000000000000013,1.1123405840457539
2025-03-25,-0.0023512593132529163,0.00030143459346978514,-0.0026526939067227015,0.4,1.0000000000000013,1.1093898849562553
2025-03-26,0.0020295307324205065,0.0003376097914292484,0.001691920940991258,0.4666666666666667,1.0000000000000013,1.1112668849343368
2025-03-27,0.0054574022461097,0.00019801870412903568,0.005259383541980665,0.23333333333333334,1.0000000000000013,1.1171114636997086
2025-03-28,0.0027632517303831272,0.00024074231044997308,0.0025225094199331543,0.33333333333333337,1.0000000000000013,1.1199293878900065
2025-03-31,-0.004460035360903108,0.0001971577992413473,-0.004657193160144455,0.26666666666666666,1.0000000000000013,1.1147136604048804
2025-04-01,-0.0024231933729717873,0.00021135437711241532,-0.0026345477500842028,0.30000000000000004,1.0000000000000013,1.1117768940388726
2025-04-02,0.0025311269789047726,0.0002447648799312963,0.0022863620989734762,0.33333333333333337,1.0000000000000013,1.1143188185919175
2025-04-03,0.002625862682508076,0.00026943045776499076,0.0023564322247430856,0.3666666666666667,1.0000000000000013,1.1169446353646852
2025-04-04,0.005334811990465461,0.00019291082033145621,0.005141901170134004,0.2666666666666667,1.0000000000000013,1.1226878542922416
2025-04-07,-0.002317560047549853,0.00011301990126144537,-0.0024305799488112986,0.16666666666666669,1.0000000000000013,1.119959071704825
2025-04-08,-0.001234656753309612,0.00010529374732499405,-0.001339950500634606,0.13333333333333333,1.0000000000000013,1.1184583819860037
2025-04-09,-0.001198685621499283,0.00016302368310611344,-0.0013617093046053965,0.2,1.0000000000000013,1.1169353668004394
2025-04-10,0.001953950047316344,0.0003063399460741556,0.0016476101012421883,0.43333333333333335,1.0000000000000013,1.1187756407932143
2025-04-11,0.0039411933751176765,0.00019225537072150358,0.003748938004396173,0.2666666666666667,1.0000000000000013,1.1229698613113768
2025-04-14,0.0034698173425040126,0.00021648652050629564,0.003253330821997717,0.3,1.0000000000000013,1.1266232537733556
2025-04-15,0.010309857576872888,0.00019081400837202842,0.01011904356850086,0.26666666666666666,1.0000000000000013,1.1380236035635742
2025-04-16,-9.670267471713418e-05,0.00013316035742351947,-0.00022986303214065366,0.16666666666666669,1.0000000000000013,1.1377620140074114
2025-04-17,-0.0025233209762261697,0.00011553355542915858,-0.002638854531655328,0.16666666666666666,1.0000000000000013,1.1347596255608026
2025-04-18,-0.0031604883496606476,0.00018856143260443406,-0.0033490497822650815,0.26666666666666666,1.0000000000000013,1.1309592590838948
2025-04-21,-0.0018572627688686213,0.00021810514775339373,-0.002075367916622015,0.30000000000000004,1.0000000000000013,1.1286121025225855
2025-04-22,0.0022083339318458954,0.0002595076727796236,0.0019488262590662718,0.33333333333333337,1.0000000000000013,1.1308115714242815
2025-04-23,-0.004347733604678854,0.00015742406648043067,-0.0045051576711592845,0.2,1.0000000000000013,1.1257170869986437
2025-04-24,0.0012940657569707496,0.0001855479601617957,0.001108517796808954,0.2666666666666667,1.0000000000000013,1.1269649644237536
2025-04-25,0.0001543883999767052,0.00019671535805540643,-4.232695807870123e-05,0.2655913978494624,1.0000000000000002,1.1269172634249482
2025-04-28,-0.002601522757997084,0.00027463560262222227,-0.0028761583606193063,0.36344086021505373,1.0000000000000013,1.1236760709160223
2025-04-29,-0.00011255883730347668,0.0002835175893089037,-0.0003960764266123804,0.3666666666666667,1.0000000000000013,1.1232310093131839
2025-04-30,-0.0016748844064387255,0.00023611505238516647,-0.001910999458823892,0.33333333333333337,1.0000000000000013,1.1210845154622522
2025-05-01,0.005063389945440463,0.00028984846826659043,0.0047735414771738725,0.3666666666666667,1.0000000000000013,1.1264360588962286
2025-05-02,-0.00037637464362525337,0.0002639003417057449,-0.0006402749853309982,0.33333333333333337,1.0000000000000013,1.1257148300651425
2025-05-05,-0.0031074011446540237,0.00020266286471975432,-0.003310064009373778,0.26666666666666666,1.0000000000000013,1.1219886419213256
2025-05-06,-0.004176591429691445,0.00022462365188434796,-0.004401215081575793,0.30000000000000004,1.0000000000000013,1.1170505285891448
2025-05-07,-0.0012149981360850613,0.000309359545693604,-0.0015243576817786653,0.42580645161290326,1.0000000000000002,1.1153477440349548
2025-05-08,0.01043159198030376,0.0003098528372524498,0.010121739143051312,0.3924731182795699,1.0000000000000013,1.1266370029538673
2025-05-09,0.003127745208347294,0.00022809550445630495,0.002899649703890989,0.33333333333333337,1.0000000000000013,1.129903855605875
2025-05-12,0.0027045103717917357,0.00019634861518976176,0.002508161756601974,0.3,1.0000000000000013,1.1327378372451429
2025-05-13,0.005023148414234523,0.000203920759329955,0.004819227654904569,0.30000000000000004,1.0000000000000013,1.1381967587561514
2025-05-14,-2.83448634645887e-05,0.0001791619393658762,-0.0002075068028304649,0.26666666666666666,1.0000000000000013,1.13796057518575
2025-05-15,0.0020375344076195897,9.842677983617698e-05,0.0019391076277834127,0.16666666666666666,1.0000000000000013,1.1401672032172097
2025-05-16,0.0033258860224268175,0.00020760196512234602,0.0031182840573044713,0.26666666666666666,1.0000000000000013,1.1437225684296635
2025-05-19,0.0049190039435715064,0.0001440788879823676,0.0047749250555891385,0.2,1.0000000000000013,1.1491837579783009
2025-05-20,-0.003399845573034412,0.00024254937688144033,-0.0036423949499158523,0.33333333333333337,1.0000000000000013,1.1449979768617153
2025-05-21,-0.0012148671006958732,0.00017179074868640156,-0.0013866578493822747,0.2666666666666667,1.0000000000000013,1.1434102564295732
2025-05-22,-0.0022514669341233053,0.00013293903001646354,-0.002384405964139769,0.2,1.0000000000000013,1.140683902194684
2025-05-23,0.001066693948606769,0.0002034578188412177,0.0008632361297655513,0.30000000000000004,1.0000000000000013,1.1416685817517005
2025-05-26,-0.00021647796024724074,0.00020548043809406042,-0.0004219583983413012,0.26666666666666666,1.0000000000000013,1.141186845105508
2025-05-27,0.0022037611534196093,0.0003242656005262918,0.0018794955528933176,0.43333333333333335,1.0000000000000013,1.1433317007059043
2025-05-28,0.0006615263705281909,0.00023057921805923513,0.00043094715246895575,0.33333333333333337,1.0000000000000013,1.143824416246651
2025-05-29,0.0017848387342199548,0.00026985596747462206,0.0015149827667453328,0.3946236559139785,1.0000000000000002,1.1455572905254474
2025-05-30,-0.003797265261691012,0.0002531521735830563,-0.004050417435274068,0.3602150537634408,1.0000000000000013,1.1409173053027977
2025-06-02,0.0030095594586471396,0.00025624928193581525,0.0027533101767113245,0.3666666666666667,1.0000000000000013,1.144058604530274
2025-06-03,0.005477781546641837,0.00026845925069213944,0.005209322295949698,0.33333333333333337,1.0000000000000013,1.1500183745267267
2025-06-04,0.0033879138670275975,0.00025143359095575326,0.0031364802760718443,0.30000000000000004,1.0000000000000013,1.15362538447555
2025-06-05,0.006508443070403989,0.00019175954906235746,0.006316683521341631,0.23333333333333336,1.0000000000000013,1.1609124709314682
2025-06-06,-0.0007887005744353451,0.00020541103941121004,-0.0009941116138465552,0.2666666666666667,1.0000000000000013,1.159758394361456
2025-06-09,8.923885963730963e-05,0.00017904591532059608,-8.980705568328645e-05,0.23333333333333334,1.0000000000000013,1.1596542398747545
2025-06-10,0.007161166841165915,0.0002592335534174849,0.00690193328774843,0.33333333333333337,1.0000000000000013,1.1676580960752247
2025-06-11,-0.00010199576916862922,0.00021169878812377454,-0.00031369455729240373,0.30000000000000004,1.0000000000000013,1.1672918080857075
2025-06-12,-0.002968540409783152,0.0003405894230068411,-0.003309129832789993,0.4666666666666667,1.0000000000000013,1.1634290879399998
2025-06-13,5.104722681541457e-05,0.00021942018120850557,-0.000168372954393091,0.30000000000000004,1.0000000000000013,1.1632331979472366
2025-06-16,0.0038746433461245657,0.0002079268044650488,0.003666716541659517,0.3,1.0000000000000013,1.1674984443559573
2025-06-17,0.002121389825707296,0.00023255522419903863,0.0018888346015082573,0.30000000000000004,1.0000000000000013,1.169703655814864
2025-06-18,0.008275040329810485,0.0002464205888989447,0.008028619740911541,0.33333333333333337,1.0000000000000013,1.1790947616769556
2025-06-19,-0.0012865878859560833,0.00027865615251989294,-0.0015652440384759762,0.4,1.0000000000000013,1.1772491906304425
2025-06-20,-0.002054607740537766,0.0001803331923993023,-0.0022349409329370682,0.23333333333333334,1.0000000000000013,1.1746181082260354
2025-06-23,0.0027011238396289243,0.00020339574880041386,0.0024977280908285104,0.30000000000000004,1.0000000000000013,1.1775519848709475
2025-06-24,0.0012378370956100373,0.00019314499921195815,0.0010446920963980792,0.2666666666666667,1.0000000000000013,1.17878216412264
2025-06-25,-0.0049790317010839176,0.0001254085827903356,-0.005104440283874253,0.16666666666666669,1.0000000000000013,1.1727651409581799
2025-06-26,0.00020630752872197026,0.00020515485853695966,1.1526701850106012e-06,0.2666666666666667,1.0000000000000013,1.172766492769592
2025-06-27,-0.0011612085692694564,0.000193935261225062,-0.0013551438304945183,0.2666666666666667,1.0000000000000013,1.1711772254923045
2025-06-30,0.0012736263194428614,0.0001821709046347923,0.001091455414808069,0.2666666666666667,1.0000000000000013,1.172455513216768
2025-07-01,0.0007178624037494334,0.00029059869457266673,0.0004272637091767667,0.4,1.0000000000000013,1.1729564609081897
2025-07-02,-0.000417083798682383,0.00023823076630573564,-0.0006553145649881186,0.33333333333333337,1.0000000000000013,1.1721878054552597
2025-07-03,-0.002076650605655248,0.00017346413104229091,-0.002250114736697539,0.23333333333333334,1.0000000000000013,1.1695502484000275
2025-07-04,0.002099214944042308,0.00021469661194577872,0.0018845183320965295,0.30000000000000004,1.0000000000000013,1.1717542872834454
2025-07-07,0.005368110906611,0.00024142257705272747,0.005126688329558273,0.33333333333333337,1.0000000000000013,1.1777615063131712
2025-07-08,-0.0019749546007369425,0.00020476380225882356,-0.002179718402995766,0.30000000000000004,1.0000000000000013,1.1751943178835202
2025-07-09,-0.005526472621107536,0.00032260039358802153,-0.005849073014695558,0.43333333333333335,1.0000000000000013,1.1683205205117642
2025-07-10,0.0021598949305412104,0.00026521469031322916,0.0018946802402279813,0.3946236559139785,1.0000000000000004,1.1705341143162307
2025-07-11,0.00323396389221652,0.0002652407741481537,0.002968723118068366,0.3602150537634409,1.0000000000000013,1.174009106001889
2025-07-14,0.004185240628232216,0.00020976830406291936,0.003975472324169296,0.30000000000000004,1.0000000000000013,1.1786763467111223
2025-07-15,-0.001264575043024682,0.0002492190094230601,-0.001513794052447742,0.33333333333333337,1.0000000000000013,1.1768920734677102
2025-07-16,-3.9376438176221595e-05,0.0002529200307713763,-0.00029229646894759787,0.33333333333333337,1.0000000000000013,1.1765480720703032
2025-07-17,0.0024583624324891044,0.0003149902960601218,0.0021433721364289824,0.4,1.0000000000000013,1.179069852425148
2025-07-18,0.0017741179758392765,0.00021890990673519316,0.0015552080691040833,0.30000000000000004,1.0000000000000013,1.180903551373677
2025-07-21,0.002781481654136569,0.00018431933420540115,0.0025971623199311676,0.23333333333333334,1.0000000000000013,1.1839705495807777
2025-07-22,0.0017746477561509173,0.00017865727074641716,0.0015959904854045003,0.23333333333333334,1.0000000000000013,1.185860155312908
2025-07-23,0.00022945570276844686,0.0002031820153276687,2.6273687440778155e-05,0.2666666666666667,1.0000000000000013,1.1858913122319772
2025-07-24,0.0009543116709906301,0.00019509004815178847,0.0007592216228388417,0.2666666666666667,1.0000000000000013,1.1867916665585605
2025-07-25,0.0020396376835155362,0.0001717076653138514,0.0018679300182016848,0.23333333333333334,1.0000000000000013,1.1890085103378767
2025-07-28,-0.0040829420256321995,0.00022964036296501913,-0.004312582388597218,0.30000000000000004,1.0000000000000013,1.1838808131763014
2025-07-29,0.0009637767201962134,0.0002377789974040515,0.0007259977227921619,0.30000000000000004,1.0000000000000013,1.1847403079507248
2025-07-30,-0.004286019680350709,0.00022704698172843084,-0.00451306666207914,0.3,1.0000000000000013,1.179393495963691
2025-07-31,-0.006821734178858237,0.00022697396520444897,-0.007048708144062685,0.30000000000000004,1.0000000000000013,1.171080295423637
2025-08-01,0.002286411909241435,0.0003127604727552084,0.001973651436486227,0.4333333333333334,1.0000000000000013,1.1733915997309408
2025-08-04,0.0030269480109403257,0.000202204438086751,0.0028247435728535747,0.2666666666666667,1.0000000000000013,1.1767061301107211
2025-08-05,0.00025742890430035707,0.00018113862404961538,7.629028025074168e-05,0.2666666666666667,1.0000000000000013,1.17679590135116
2025-08-06,0.0021654236172929937,0.00030529893875164333,0.0018601246785413504,0.4,1.0000000000000013,1.1789848884488694
2025-08-07,-0.006359511405584966,0.00025960525564013205,-0.006619116661225098,0.33333333333333337,1.0000000000000013,1.171181049930405
2025-08-08,0.0037632504390481374,0.0002837427401388038,0.003479507698909334,0.4,1.0000000000000013,1.1752561834104545
2025-08-11,0.002719634185382806,0.00029920618648712885,0.0024204279988956773,0.3666666666666667,1.0000000000000013,1.1781008063826566
2025-08-12,0.0005687036019221807,0.00022497949978559685,0.0003437241021365838,0.30000000000000004,1.0000000000000013,1.1785057480245569
2025-08-13,0.0008879050192712481,0.0003430302425093895,0.0005448747767618587,0.4666666666666667,1.0000000000000013,1.1791478860809244
2025-08-14,-0.0004899776223559651,0.0002681252303365374,-0.0007581028526925025,0.3666666666666667,1.0000000000000013,1.1782539707047401
2025-08-15,0.0021712672572682724,0.0002116450570128738,0.0019596222002553985,0.30000000000000004,1.0000000000000013,1.180562903343272
2025-08-18,0.005998970581759203,0.00021555126510939025,0.005783419316649812,0.30000000000000004,1.0000000000000013,1.1873905936429876
2025-08-19,-0.002812663260666854,0.00018912042949896648,-0.0030017836901658204,0.26666666666666666,1.0000000000000013,1.1838263039251338
2025-08-20,-0.002181781795293507,0.0001793476173689233,-0.0023611294126624303,0.26666666666666666,1.0000000000000013,1.1810311368194526
2025-08-21,-0.0035166760874257895,0.00020900316529212182,-0.0037256792527179112,0.30000000000000004,1.0000000000000013,1.1766309936161905
2025-08-22,0.001965094976916537,0.00018059502663272231,0.0017844999502838147,0.23333333333333334,1.0000000000000013,1.1787306915658011
2025-08-25,-0.001352302888392474,0.00026414838847704076,-0.0016164512768695148,0.3666666666666667,1.0000000000000013,1.1768253308343344
2025-08-26,0.0027318153579751767,0.00023385620223041048,0.002497959155744766,0.30000000000000004,1.0000000000000013,1.1797649924442044
2025-08-27,0.001188631436279399,0.00012419135981212444,0.0010644400764672746,0.16666666666666669,1.0000000000000013,1.181020781582975
2025-08-28,0.0031068950853272393,0.00019426213575281866,0.002912632949574421,0.2666666666666667,1.0000000000000013,1.1844606616255455
2025-08-29,0.0031489466869486756,0.00013929420227272522,0.0030096524846759502,0.2,1.0000000000000013,1.1880254765988076
2025-09-01,0.00627591831066094,4.691188825814488e-05,0.006229006422402795,0.06666666666666667,1.0000000000000013,1.19542569492252
2025-09-02,-0.00041990166033703557,0.00018574617265070505,-0.0006056478329877406,0.2666666666666667,1.0000000000000013,1.1947016879408923
2025-09-03,-0.005783103458733889,0.00022623781330438142,-0.00600934127203827,0.30000000000000004,1.0000000000000013,1.1875223177797753
2025-09-04,0.003915552935372774,0.0003554005021326345,0.0035601524332401395,0.46666666666666673,1.0000000000000013,1.1917500782489459
2025-09-05,0.0013456698095886993,0.00017014978692179116,0.001175520022666908,0.23333333333333336,1.0000000000000013,1.1931510043279423
2025-09-08,0.0013097938081055435,0.00025658987958862003,0.0010532039285169235,0.3666666666666667,1.0000000000000013,1.1944076356530144
2025-09-09,0.006308376479017115,0.00020016720924865506,0.00610820926976846,0.23333333333333334,1.0000000000000013,1.2017033274449924
2025-09-10,0.00011682215357560665,0.0001540809230153465,-3.725876943973984e-05,0.1978494623655914,1.0000000000000004,1.2016585534577802
2025-09-11,0.0010384611778545732,0.00018922630294754787,0.0008492348749070252,0.26236559139784943,1.0000000000000013,1.2026790438091068
2025-09-12,0.002697207084470513,0.0002550764930566663,0.002442130591413847,0.3666666666666667,1.0000000000000013,1.2056161430936452
2025-09-15,0.0029185537116571247,0.0001981810815621911,0.0027203726300949337,0.29354838709677417,1.0000000000000004,1.2088958682517177
2025-09-16,-0.002456260957163223,0.00030472831991588446,-0.002760989277079107,0.4193548387096774,1.0000000000000002,1.2055581197223695
2025-09-17,-0.007094508786647349,0.0003657558031287447,-0.007460264589776094,0.5268817204301075,1.0000000000000013,1.1965643371708876
2025-09-18,-0.0032218202897423684,0.00015672751187780604,-0.0033785478016201743,0.23333333333333334,1.0000000000000013,1.1925216873600417
2025-09-19,0.003279761326941199,0.00024221277462895848,0.0030375485523122404,0.33333333333333337,1.0000000000000013,1.1961440298850832
2025-09-22,-0.001492303934902702,0.0001985823970076024,-0.0016908863319103045,0.2666666666666667,1.0000000000000013,1.1941214862939544
2025-09-23,0.004659227534432615,0.00021523885952247883,0.004443988674910136,0.2666666666666667,1.0000000000000013,1.1994281486555116
2025-09-24,0.004286310842610667,0.00019127856655079575,0.004095032276059871,0.2666666666666667,1.0000000000000013,1.2043398456370706
2025-09-25,-0.0014321421073737002,0.00014217448881560167,-0.0015743165961893018,0.2,1.0000000000000013,1.202443833430632
2025-09-26,-0.0019421202679768708,0.00023880397013313197,-0.002180924238110003,0.33333333333333337,1.0000000000000013,1.1998213945293372
2025-09-29,-0.004305529296521347,0.0002384245519533657,-0.004543953848474713,0.33333333333333337,1.0000000000000013,1.1943694614861833
2025-09-30,0.008139810027916403,0.00022607524640510986,0.007913734781511294,0.3268817204301075,1.0000000000000004,1.2038213846355212
2025-10-01,-0.0005554045822538965,0.00022542779098494383,-0.0007808323732388403,0.3268817204301075,1.0000000000000013,1.2028814019268006
2025-10-02,-0.0023925943671901134,0.0002296414120958608,-0.0026222357792859744,0.33333333333333337,1.0000000000000013,1.1997271632764304
2025-10-03,-0.0012042651410587024,0.00023102897224519238,-0.0014352941133038948,0.33333333333333337,1.0000000000000013,1.198005201941409
2025-10-06,0.002521225116102726,0.00019711583810738995,0.0023241092779953364,0.30000000000000004,1.0000000000000013,1.2007894969463275
2025-10-07,0.0018535059512881456,0.00019097054515026482,0.0016625354061378808,0.2666666666666667,1.0000000000000013,1.2027858520003194
2025-10-08,0.004261890090610392,0.00019690191122524522,0.004064988179385147,0.2666666666666667,1.0000000000000013,1.2076751622710322
2025-10-09,0.000877845412681692,0.00019213295709310125,0.0006857124555885907,0.2666666666666667,1.0000000000000013,1.2085032801721065
2025-10-10,0.002277627072218418,0.00019456042823692366,0.002083066643981494,0.2666666666666667,1.0000000000000013,1.2110206730441753
2025-10-13,-0.004514470792889451,0.00025528793070903223,-0.004769758723598483,0.36666666666666664,1.0000000000000013,1.2052443966244646
2025-10-14,-0.003034794481992594,0.00015070726954679225,-0.003185501751539386,0.2,1.0000000000000013,1.2014050884879843
2025-10-15,0.00039092946006946347,0.000295783160755077,9.514629931438648e-05,0.3924731182795699,1.0000000000000004,1.2015193977361314
2025-10-16,0.002654805721953746,0.0002259400167859231,0.002428865705167823,0.29569892473118276,1.0000000000000013,1.2044377269953865
2025-10-17,-0.008281540012152,0.0002462230996441991,-0.0085277631117962,0.3279569892473118,1.0000000000000002,1.1941665673766597
2025-10-20,-0.0048712089251976695,0.0002594658280062539,-0.005130674753203924,0.3612903225806452,1.0000000000000013,1.1880396871183
2025-10-21,-0.003934111234579853,0.00018278726842359608,-0.004116898503003449,0.2666666666666667,1.0000000000000013,1.183148648308894
2025-10-22,-0.0009176876467943003,0.00018211241990883487,-0.0010998000667031352,0.2666666666666667,1.0000000000000013,1.1818474213465642
2025-10-23,-0.002552976804580261,0.00020114075665880385,-0.002754117561239065,0.30000000000000004,1.0000000000000013,1.1785924746087284
2025-10-24,0.00021695841317229505,0.00025798462474890365,-4.1026211576608606e-05,0.3666666666666667,1.0000000000000013,1.1785441214245025
2025-10-27,-0.0015157453417879107,0.00021254635927553687,-0.0017282917010634476,0.30000000000000004,1.0000000000000013,1.1765072534001073
2025-10-28,-0.0009581899270307438,0.000298959144023343,-0.0012571490710540868,0.43333333333333335,1.0000000000000013,1.175028208399407
2025-10-29,0.0009164727376275123,0.0001932252583440754,0.0007232474792834369,0.2666666666666667,1.0000000000000013,1.175878044589219
2025-10-30,0.0008093330996786437,0.0001411369285459277,0.000668196171132716,0.23333333333333334,1.0000000000000013,1.1766637617963325
2025-10-31,-0.0018338109075637043,0.00016734810416899244,-0.0020011590117326966,0.23333333333333334,1.0000000000000013,1.1743090705056345
2025-11-03,0.00347286625099427,0.0001935804481388679,0.003279285802855402,0.30000000000000004,1.0000000000000013,1.178159965568708
2025-11-04,0.002278148240604574,0.00024560199975405317,0.0020325462408505206,0.3666666666666667,1.0000000000000013,1.1805546301778453
2025-11-05,-8.495337543267716e-06,0.0002781017407288291,-0.0002865970782720968,0.4,1.0000000000000013,1.1802162866700958
2025-11-06,-0.00583511919826867,0.0002813239440405793,-0.0061164431423092495,0.4,1.0000000000000013,1.1729975608570506
2025-11-07,-0.003747625858301583,0.0002726638167818841,-0.004020289675083467,0.4,1.0000000000000013,1.168281770874239
2025-11-10,-0.0010406118076115227,0.0002670910887652938,-0.0013077028963768165,0.3666666666666667,1.0000000000000013,1.1667540054186825
2025-11-11,-0.00037121851795295,0.00028898722236720797,-0.0006602057403201579,0.4,1.0000000000000013,1.1659837077267636
2025-11-12,0.0003100726453949817,0.0002465984400327097,6.3474205362272e-05,0.3666666666666667,1.0000000000000013,1.166057717616077
2025-11-13,0.004632070808372547,0.00032180031053601814,0.004310270497836529,0.4666666666666667,1.0000000000000013,1.1710837417950921
2025-11-14,0.001317367790489818,0.00022320293649175348,0.0010941648539980644,0.30000000000000004,1.0000000000000013,1.172365100466453
2025-11-17,-0.0031374900751365317,0.0002995265675223811,-0.003437016642658913,0.42258064516129035,1.0000000000000007,1.1683356621048773
2025-11-18,0.001068206637778353,0.00029067625957774685,0.0007775303782006063,0.4193548387096774,1.0000000000000002,1.1692440785740987
2025-11-19,0.004984101885470483,0.0002531741347462665,0.0047309277507242165,0.3602150537634409,1.0000000000000013,1.1747756878327948
2025-11-20,-0.0017066535961585486,0.0002524301901141124,-0.001959083786272661,0.3666666666666667,1.0000000000000013,1.1724742038302542
2025-11-21,0.003910061822231992,0.00019504103875463694,0.003715020783477355,0.30000000000000004,1.0000000000000013,1.1768299698655746
2025-11-24,0.0007496294517517061,0.00019051164980745115,0.000559117801944255,0.30000000000000004,1.0000000000000013,1.1774879564515879
2025-11-25,0.0023127558893900964,0.00023359165103825034,0.002079164238351846,0.33333333333333337,1.0000000000000013,1.1799361473017318
2025-11-26,-0.0017300876848862822,0.0001725296522733248,-0.001902617337159607,0.23333333333333334,1.0000000000000013,1.1776911803311343
2025-11-27,-0.00247254591307581,0.0002564969758204236,-0.0027290428888962336,0.3666666666666667,1.0000000000000013,1.1744772105901358
2025-11-28,-0.0006153699903896671,0.0002676585026366112,-0.0008830284930262783,0.4,1.0000000000000013,1.1734401137487747
2025-12-01,0.0017584305163321097,0.0003336735549756205,0.0014247569613564893,0.4666666666666667,1.0000000000000013,1.1751119807195733
2025-12-02,0.0012857717068087172,0.00021045464062728202,0.0010753170661814352,0.3,1.0000000000000013,1.1763755986871154
2025-12-03,0.002605219598370682,0.0001683203368916151,0.002436899261479067,0.23333333333333334,1.0000000000000013,1.1792423075147782
2025-12-04,0.0017650600136060292,0.00012528347698280903,0.0016397765366232202,0.16666666666666669,1.0000000000000013,1.1811760013816344
2025-12-05,-0.001853956895755985,0.0002798484612184417,-0.0021338053569744265,0.3666666666666667,1.0000000000000013,1.1786556017023566
2025-12-08,-0.0011099024675924425,0.00021082785752231012,-0.0013207303251147526,0.30000000000000004,1.0000000000000013,1.177098915506322
2025-12-09,0.0003015548194435999,0.00023707900532776694,6.447581411583294e-05,0.33333333333333337,1.0000000000000013,1.1771748099171941
2025-12-10,1.4332497323088999e-05,0.00021509996617176755,-0.00020076746884867855,0.3,1.0000000000000013,1.1769384715102147
2025-12-11,1.4582706745204857e-05,0.00018640248886187972,-0.00017181978211667487,0.23333333333333336,1.0000000000000013,1.176736250198475
2025-12-12,-0.004534708702677157,0.00021460062444007122,-0.0047493093271172284,0.3,1.0000000000000013,1.1711475657498505
2025-12-15,-0.0038703308108682154,0.0002480742227363907,-0.004118405033604606,0.3666666666666667,1.0000000000000013,1.1663243057199726
2025-12-16,0.005026536537655688,0.00023096219690044736,0.00479557434075524,0.30000000000000004,1.0000000000000013,1.1719175006334825
2025-12-17,0.007070837501481355,0.00024867825140517555,0.006822159250076179,0.33333333333333337,1.0000000000000013,1.1799125084507553
2025-12-18,-0.005087210395326118,0.00019478489870264928,-0.005281995294028768,0.2666666666666667,1.0000000000000013,1.1736802161337527
2025-12-19,0.003991530763694055,0.0002040068804151704,0.0037875238832788846,0.2666666666666667,1.0000000000000013,1.1781255579836913
2025-12-22,0.004492187113100199,0.0001908826823881494,0.00430130443071205,0.26666666666666666,1.0000000000000013,1.1831930346661816
2025-12-23,0.0019470430709429742,0.00032528715827705737,0.001621755912665917,0.4666666666666667,1.0000000000000013,1.1851118849659765
2025-12-24,-0.0009220682131086645,0.000206684938604686,-0.0011287531517133504,0.30000000000000004,1.0000000000000013,1.1837741861906883
2025-12-25,0.004900611897424278,0.00020270715894913366,0.004697904738475145,0.30000000000000004,1.0000000000000013,1.189335444549278
2025-12-26,0.005495984268629167,0.0001267403341509528,0.0053692439344782145,0.2,1.0000000000000013,1.1957212766709842
2025-12-29,-0.0014069258992117591,0.0001740969897111368,-0.0015810228889228959,0.23333333333333336,1.0000000000000013,1.1938308139637952
2025-12-30,-0.0034666581407532993,0.00011870614162600376,-0.003585364282379303,0.16666666666666669,1.0000000000000013,1.1895504956042056
2025-12-31,0.0040951541715025346,0.00018335202899507404,0.0039118021425074605,0.2666666666666667,1.0000000000000013,1.194203781781531
2026-01-01,-0.0006822237705563525,0.00017447216423162326,-0.0008566959347879757,0.26666666666666666,1.0000000000000013,1.1931807122563702
2026-01-02,0.0015098488370571175,0.00014783557748023507,0.0013620132595768824,0.2,1.0000000000000013,1.1948058402075348
2026-01-05,0.0015307416404165054,0.00025475999540905506,0.0012759816450074503,0.3666666666666667,1.0000000000000013,1.1963303905289873
2026-01-06,-0.0020568410692977717,0.0003057229192220081,-0.0023625639885197797,0.4,1.0000000000000013,1.1935039834299517
2026-01-07,-0.003119839582702239,0.00017073315485362006,-0.003290572737555859,0.23333333333333334,1.0000000000000013,1.1895766717599128
2026-01-08,-0.0057649549157806675,0.00025454133180425497,-0.006019496247584922,0.33333333333333337,1.0000000000000013,1.1824160194480395
2026-01-09,-0.0008564838675770457,0.0002537300782620586,-0.0011102139458391042,0.33333333333333337,1.0000000000000013,1.1811032846934648
2026-01-12,4.8781378870395254e-05,0.00019204807365418052,-0.00014326669478378527,0.30000000000000004,1.0000000000000013,1.1809340719296684
2026-01-13,-0.004710865632096891,0.0001261328818339716,-0.004836998513930863,0.16666666666666666,1.0000000000000013,1.1752218955786944
2026-01-14,-0.006220585701070239,0.00020020885472900085,-0.00642079455579924,0.2666666666666667,1.0000000000000013,1.1676760372297066
2026-01-15,-0.00018254454621404544,0.00021145785633597857,-0.000394002402550024,0.30000000000000004,1.0000000000000013,1.167215970065638
2026-01-16,-0.004047841737311998,0.00012184316448349646,-0.004169684901795494,0.16666666666666669,1.0000000000000013,1.1623490472581206
2026-01-19,0.003607492997063407,0.00025859354366799343,0.0033488994533954135,0.3623655913978495,1.0000000000000004,1.166241637347138
2026-01-20,0.0031297939541007954,0.0002117776995158391,0.0029180162545849563,0.2946236559139785,1.0000000000000013,1.1696447494016908
2026-01-21,-0.0004990343182919093,0.00017229294187966226,-0.0006713272601715716,0.23333333333333334,1.0000000000000013,1.1688595349967008
2026-01-22,-0.002169409384949336,0.00026528163372174145,-0.0024346910186710774,0.35913978494623655,1.0000000000000004,1.1660137231847563
2026-01-23,-0.003094322754798879,0.00020826070594769862,-0.0033025834607465776,0.29354838709677417,1.0000000000000013,1.1621628655475629
2026-01-26,-0.003892976910187642,0.00024282752800455808,-0.0041358044381922,0.33333333333333337,1.0000000000000013,1.1573563872103292
2026-01-27,-0.002287103809353906,0.0002527828657157282,-0.002539886675069634,0.33333333333333337,1.0000000000000013,1.154416833144147
2026-01-28,-0.001622436649794325,0.00031463673912785644,-0.0019370733889221814,0.4,1.0000000000000013,1.1521806430169397
2026-01-29,-0.002503091902228118,0.00034416526923591547,-0.0028472571714640337,0.4666666666666667,1.0000000000000013,1.1489000884182876
2026-01-30,-0.006730800418326672,0.00025464641725791,-0.006985446835584583,0.33333333333333337,1.0000000000000013,1.1408745079312432
2026-02-02,-0.0003323963527794259,0.0003295812052301349,-0.0006619775580095608,0.43333333333333335,1.0000000000000013,1.1401192746104876
2026-02-03,-0.003937145875177022,0.0002161576768630648,-0.004153303552040087,0.30000000000000004,1.0000000000000013,1.1353840131774984
2026-02-04,0.005897359706130555,0.00022138340649852328,0.005675976299632031,0.30000000000000004,1.0000000000000013,1.141828425927275
2026-02-05,0.00412771545599244,0.0003255211290323335,0.003802194326960106,0.43333333333333335,1.0000000000000013,1.1461698794906976
2026-02-06,-0.0025908070973091946,0.00029513286288826413,-0.0028859399601974586,0.4,1.0000000000000013,1.1428621020343006
2026-02-09,-0.006445664582623914,0.00024767528779740634,-0.0066933398704213205,0.33333333333333337,1.0000000000000013,1.135212537560361
2026-02-10,0.0030930084993878925,0.00026211348346623055,0.002830895015921662,0.3666666666666667,1.0000000000000013,1.1384262050749525
2026-02-11,-0.0009666675287463459,0.0002746887850109448,-0.0012413563137572906,0.36666666666666664,1.0000000000000013,1.137013012517536
2026-02-12,-0.0003160844091048036,0.0002240626902634096,-0.0005401470993682132,0.26666666666666666,1.0000000000000013,1.1363988582368807
2026-02-13,0.002157686053518885,0.00030200837758505707,0.0018556776759338278,0.4,1.0000000000000013,1.1385076482290675
2026-02-16,-0.0025935650612864403,0.00022531624648889926,-0.0028188813077753396,0.33333333333333337,1.0000000000000013,1.1352983303007154
2026-02-17,-0.009520337998956949,0.0003096913381597392,-0.009830029337116688,0.4,1.0000000000000013,1.1241383144074797
2026-02-18,-0.0003659270903937144,0.00031782262012101275,-0.0006837497105147271,0.43333333333333335,1.0000000000000013,1.1233696851604251
2026-02-19,-0.00018182735041420977,0.00019387566334624044,-0.0003757030137604502,0.2666666666666667,1.0000000000000013,1.1229476317841431
2026-02-20,-0.0033340889705111014,0.000228208611831413,-0.0035622975823425143,0.30000000000000004,1.0000000000000013,1.1189473581503413
2026-02-23,0.005729724209553391,0.0002308316714016757,0.005498892538151716,0.33333333333333337,1.0000000000000013,1.1251003294286586
2026-02-24,-0.0001821064539912501,0.0002497492257997337,-0.0004318556797909838,0.3666666666666667,1.0000000000000013,1.12461444846106
2026-02-25,0.004558942233147649,0.00019230350033801741,0.0043666387328096315,0.26666666666666666,1.0000000000000013,1.1295252334711874
2026-02-26,0.004140387913467101,0.00019925695592925763,0.0039411309575378434,0.30000000000000004,1.0000000000000013,1.133976840336141
2026-02-27,0.005316203636432999,0.00013985180527819683,0.005176351831154803,0.2,1.0000000000000013,1.139846703430102
2026-03-02,-0.0008386222111507632,0.00016150127354050338,-0.0010001234846912666,0.23333333333333334,1.0000000000000013,1.1387067159730537
2026-03-03,-0.003420857256358276,0.00022507006079896494,-0.0036459273171572408,0.30000000000000004,1.0000000000000013,1.134555074051057
2026-03-04,0.00066450290534875,0.00017106350037753362,0.0004934394049712164,0.23333333333333336,1.0000000000000013,1.1351149082317038
2026-03-05,0.008206606657653305,0.0002829888501825018,0.007923617807470803,0.3666666666666667,1.0000000000000013,1.1441091249320943
2026-03-06,0.003501930040304106,0.00016017270177963227,0.0033417573385244735,0.23333333333333334,1.0000000000000013,1.1479324599964087
2026-03-09,0.0013530804094685912,0.00026601494554792714,0.001087065463920664,0.3666666666666667,1.0000000000000013,1.149180337728584
2026-03-10,-0.005670702229417514,0.0002542447091765541,-0.005924946938594068,0.3602150537634409,1.0000000000000002,1.1423715052046666
2026-03-11,-0.0012351144906065593,0.00019924526225211477,-0.0014343597528586741,0.26021505376344084,1.0000000000000013,1.1407329334947884
2026-03-12,-0.0009569713164280161,0.00023885289821293053,-0.0011958242146409466,0.33333333333333337,1.0000000000000013,1.139368817430477
2026-03-13,0.00490192245577556,0.0002842225157097213,0.004617699940065839,0.4,1.0000000000000013,1.1446300807504386
2026-03-16,0.003349318946219075,0.0002422954409675659,0.003107023505251509,0.33333333333333337,1.0000000000000013,1.1481864733161482
2026-03-17,-0.007536696580100965,0.0001750461854219923,-0.007711742765522958,0.23333333333333334,1.0000000000000013,1.139331954587081
2026-03-18,0.0018739638120506752,0.00022712720015361507,0.00164683661189706,0.30000000000000004,1.0000000000000013,1.1412082481629993
2026-03-19,0.0015854161986904964,0.00025206714744606856,0.001333349051244428,0.33333333333333337,1.0000000000000013,1.1427298770979597
2026-03-20,-0.0030139152640572516,0.00028898187988079735,-0.003302897143938049,0.43333333333333335,1.0000000000000013,1.1389555578506
2026-03-23,-0.001094742558095906,0.0002486463753539726,-0.0013433889334498786,0.3666666666666667,1.0000000000000013,1.1374254975584923
2026-03-24,-0.0010270979335888512,0.0002062413271637995,-0.0012333392607526508,0.2666666666666667,1.0000000000000013,1.1360226660361723
2026-03-25,0.004520073466671873,0.0001748149161167812,0.004345258550555092,0.2666666666666667,1.0000000000000013,1.1409589782393903
2026-03-26,-0.0017810096288953985,0.0002131075693062692,-0.001994117198201668,0.30000000000000004,1.0000000000000013,1.1386837723184406
2026-03-27,0.002292900894215782,0.00019606712610833053,0.0020968337681074515,0.2666666666666667,1.0000000000000013,1.1410714029034341
2026-03-30,0.004891437276114697,0.0001672554391927978,0.0047241818369219,0.23333333333333334,1.0000000000000013,1.1464620316996614
2026-03-31,0.0013079705270265453,0.00020769010226864335,0.001100280424757902,0.30000000000000004,1.0000000000000013,1.147723461430869
2026-04-01,-0.003878529853612635,0.00021823610791889736,-0.004096765961531532,0.30000000000000004,1.0000000000000013,1.1430215070208278
2026-04-02,0.0025174003560852337,0.0003681829105709791,0.0021492174455142545,0.4666666666666667,1.0000000000000013,1.1454781087843149
2026-04-03,-0.004486242559185561,0.00021237627540073543,-0.004698618834586297,0.30000000000000004,1.0000000000000013,1.1400959437677747
2026-04-06,0.00027082035079883905,0.00014873125951650592,0.00012208909128233312,0.2,1.0000000000000013,1.140235137045524
2026-04-07,0.0031346622718024697,0.00021693590741983005,0.0029177263643826398,0.2666666666666667,1.0000000000000013,1.1435620311664771
2026-04-08,-0.0013939540881247683,0.0001185971072378257,-0.001512551195362594,0.16666666666666669,1.0000000000000013,1.141832335049265
2026-04-09,0.004521063981131525,0.00024324375309271972,0.004277820228038805,0.30000000000000004,1.0000000000000013,1.1467168885091676
2026-04-10,0.0013290463060333588,0.00025873672393651585,0.001070309582096843,0.35913978494623655,1.0000000000000002,1.147944230582891
2026-04-13,-7.6270775589301035e-06,0.0001505471438768912,-0.0001581742214358213,0.2290322580645161,1.0000000000000013,1.147762655397967
2026-04-14,0.00023987404833970903,0.00024197724170514385,-2.1031933654348193e-06,0.33333333333333337,1.0000000000000013,1.147760241431165
2026-04-15,0.0023600338809472254,0.0001700767143247935,0.0021899571666224318,0.23333333333333334,1.0000000000000013,1.1502737871974513
2026-04-16,0.00039529593145611486,0.00018108879410391656,0.0002142071373521983,0.23333333333333334,1.0000000000000013,1.150520184052578
2026-04-17,-0.00011638849152021194,0.00023813319139280408,-0.000354521682913016,0.30000000000000004,1.0000000000000013,1.1501122997007023
2026-04-20,0.0029197083301926562,0.00018978445611383764,0.0027299238740788184,0.23333333333333336,1.0000000000000013,1.1532520187255269
2026-04-21,0.0018778553541929325,0.00024411866749599796,0.0016337366866969346,0.33333333333333337,1.0000000000000013,1.1551361288575261
2026-04-22,0.00196203677843596,0.00015072475288180226,0.0018113120255541578,0.2,1.0000000000000013,1.1572284408188778
2026-04-23,0.0033162343949948185,0.00015629951911412255,0.0031599348758806958,0.23333333333333334,1.0000000000000013,1.1608852073283822
2026-04-24,-0.0007615840219836274,0.00020208376696859848,-0.0009636677889522259,0.2666666666666667,1.0000000000000013,1.1597664996474089
2026-04-27,-0.0021833942677189472,0.00026765618170725093,-0.0024510504494261983,0.3666666666666667,1.0000000000000013,1.1569238534472186
2026-04-28,-0.0017407240951410816,0.00022335844091839983,-0.0019640825360594813,0.30000000000000004,1.0000000000000013,1.1546515595111122
2026-04-29,0.00367537646818006,0.00016555459577787993,0.0035098218724021802,0.23333333333333336,1.0000000000000013,1.1587041808096876
2026-04-30,0.002600505828926893,0.0002818419757316564,0.002318663853195237,0.4,1.0000000000000013,1.1613908263102775
2026-05-01,0.005977234461802593,0.00022046536545575852,0.005756769096346835,0.30000000000000004,1.0000000000000013,1.1680766851279614
2026-05-04,0.0019352610329116155,0.0001345686551964038,0.0018006923777152115,0.16666666666666669,1.0000000000000013,1.1701800319114581
2026-05-05,-0.001920982997761686,0.00016251945373789618,-0.002083502451499582,0.23333333333333334,1.0000000000000013,1.1677419589462747
2026-05-06,7.691312315071615e-05,0.0001588145894669502,-8.190146631623405e-05,0.23333333333333334,1.0000000000000013,1.1676463191675581
2026-05-07,9.103677444581115e-06,0.00020465127773572388,-0.00019554760029114277,0.29569892473118276,1.0000000000000004,1.167417988731856
2026-05-08,-0.002326078041098008,0.00025737383780899766,-0.0025834518789070054,0.3612903225806452,1.0000000000000013,1.164402020535397
2026-05-11,0.0033650525075643568,0.0002481195949714638,0.003116932912592893,0.35806451612903223,1.0000000000000002,1.1680313835166936
2026-05-12,-0.0022583577540991606,0.00015002165478952213,-0.002408379408888683,0.22903225806451613,1.0000000000000013,1.1652183207836961
2026-05-13,0.005022483956830193,0.00019183573479489838,0.0048306482220352946,0.2666666666666667,1.0000000000000013,1.170847080593273
2026-05-14,0.000992310325945976,0.00024067297882198732,0.0007516373471239887,0.33333333333333337,1.0000000000000013,1.1717271329868177
2026-05-15,0.0032676657949209853,0.00028595454613004006,0.002981711248790945,0.3666666666666667,1.0000000000000013,1.175220884959758
2026-05-18,-0.0017695146183517177,0.00024232478432347924,-0.002011839402675197,0.33333333333333337,1.0000000000000013,1.1728565292765492
2026-05-19,-0.0022444440674934943,0.00015017046698907022,-0.0023946145344825643,0.2,1.0000000000000013,1.1700479899846807
2026-05-20,-0.0003536334054877538,0.0002627328384161422,-0.0006163662439038959,0.3666666666666667,1.0000000000000013,1.1693268118999065
2026-05-21,0.0019379796153690323,0.0002033516145927817,0.0017346280007762506,0.26666666666666666,1.0000000000000013,1.1713551589298865
2026-05-22,-0.0011453731533947128,0.00015873854574708526,-0.001304111699141798,0.23333333333333336,1.0000000000000013,1.1698275809632759
2026-05-25,0.0015290863177856312,0.00021396323769801276,0.0013151230800876185,0.30000000000000004,1.0000000000000013,1.1713660482147237
2026-05-26,0.003669474840540789,0.00020162766624400768,0.0034678471742967815,0.26666666666666666,1.0000000000000013,1.1754281666550923
2026-05-27,-0.00036617993474227,0.00016606057681969947,-0.0005322405115619694,0.2,1.0000000000000013,1.1748025561663675
2026-05-28,-0.0006772327327631573,0.0001739500251969556,-0.0008511827579601129,0.23333333333333334,1.0000000000000013,1.1738025844865512
2026-05-29,-0.0031048456828030105,0.00013562618213639724,-0.003240471864939408,0.2,1.0000000000000013,1.1699989102365294
2026-06-01,0.005729541814719066,0.00019639894004001206,0.005533142874679054,0.26666666666666666,1.0000000000000013,1.1764726813700868
2026-06-02,0.005299190593289643,0.0001628485094936911,0.005136342083795951,0.23333333333333334,1.0000000000000013,1.1825154475138442
2026-06-03,0.0005166453603820492,0.00022157836490099592,0.0002950669954810533,0.30000000000000004,1.0000000000000013,1.182864368794052
2026-06-04,-0.003284019673394023,0.00014821079104538842,-0.003432230464439411,0.2,1.0000000000000013,1.1788045056721772
2026-06-05,-0.0019415912476133162,0.0001915986313979076,-0.002133189879011224,0.26666666666666666,1.0000000000000013,1.1762898918313445
2026-06-08,0.0037561262790400175,0.00028634203841605937,0.0034697842406239583,0.3666666666666667,1.0000000000000013,1.180371363960426
2026-06-09,-0.0026243303265630234,0.00032957080146830834,-0.0029539011280313317,0.43333333333333335,1.0000000000000013,1.1768846636569275
2026-06-10,0.0007610722316465692,0.00025277921828944366,0.0005082930133571256,0.33333333333333337,1.0000000000000013,1.1774828659089913
2026-06-11,-0.0015683707559264886,0.00029680494410398646,-0.0018651757000304752,0.4,1.0000000000000013,1.1752866534802955
2026-06-12,0.0026702237443083964,0.00023477892200618895,0.0024354448223022074,0.33333333333333337,1.0000000000000013,1.178148999275235
2026-06-15,-0.00025599891686588813,0.00021648483976021007,-0.0004724837566260982,0.30000000000000004,1.0000000000000013,1.177592343010192
2026-06-16,-0.00022860779258936732,0.00021984497697955261,-0.00044845276956891994,0.30000000000000004,1.0000000000000013,1.177064248462546
2026-06-17,0.0025736266169888175,0.00020752177940217773,0.0023661048375866398,0.26344086021505375,1.0000000000000004,1.1798493058749835
2026-06-18,-0.005331921140293097,0.0002744073704117157,-0.005606328510704813,0.3602150537634409,1.0000000000000013,1.1732346830731213
2026-06-19,0.001200709339079955,0.00032231801438228425,0.0008783913246976707,0.4268817204301075,1.0000000000000002,1.174265242240567
2026-06-22,0.0,0.0002516718727787426,-0.0002516718727787426,0.3279569892473118,1.0000000000000002,1.1739697127079134
